subject, run, block, trial, mu1, mu2, choice, reward, RT, cond, trial_onset, choice_onset, feedback_onset 
1,1.0,1.0,1.0,-14.0,-7.0,2.0,-7.0,1238.2478714,1,17.022769928,18.3007338047,20.8510568142
1,1.0,1.0,2.0,-14.0,-7.0,1.0,-19.0,700.377941132,1,27.7356657982,28.4810807705,30.3643519878
1,1.0,1.0,3.0,-14.0,-7.0,1.0,-14.0,654.445171356,1,38.6316978931,39.328045845,40.6119139194
1,1.0,1.0,4.0,-14.0,-7.0,1.0,-15.0,470.947027206,1,48.9619369507,49.4748258591,51.7235519886
1,1.0,1.0,5.0,-14.0,-7.0,1.0,-15.0,520.896911621,1,59.9422118664,60.5052609444,61.7227058411
1,1.0,1.0,6.0,-14.0,-7.0,1.0,-21.0,420.675992966,1,70.2891898155,70.7507908344,73.3182067871
1,1.0,1.0,7.0,-14.0,-7.0,2.0,-7.0,337.546110153,1,81.1027128696,81.4824728966,83.4162008762
1,1.0,1.0,8.0,-14.0,-7.0,1.0,-18.0,404.153108597,1,92.916741848,93.3623859882,96.1786448956
1,1.0,1.0,9.0,-14.0,-7.0,1.0,-13.0,520.618915558,1,105.530466795,106.092090845,107.258835793
1,1.0,1.0,10.0,-14.0,-7.0,1.0,-10.0,420.70889473,1,115.543546915,116.006011963,118.43895793
1,1.0,2.0,1.0,3.0,8.0,2.0,1.0,971.847057343,2,132.239281893,133.250795841,135.26740098
1,1.0,2.0,2.0,3.0,8.0,1.0,3.0,654.411077499,2,142.669089794,143.364701986,145.846513987
1,1.0,2.0,3.0,3.0,8.0,2.0,6.0,504.216909409,2,153.613366842,154.161448956,156.761686802
1,1.0,2.0,4.0,3.0,8.0,1.0,3.0,604.72202301,2,165.878136873,166.524552822,168.040577888
1,1.0,2.0,5.0,3.0,8.0,1.0,3.0,520.940065384,2,175.575392962,176.138212919,178.222015858
1,1.0,2.0,6.0,3.0,8.0,2.0,10.0,820.770025253,2,185.73929882,186.618902922,189.352339983
1,1.0,2.0,7.0,3.0,8.0,1.0,3.0,437.23487854,2,198.302232981,198.781919956,200.46514678
1,1.0,2.0,8.0,3.0,8.0,1.0,3.0,504.112005234,2,208.883078814,209.428794861,212.045081854
1,1.0,2.0,9.0,3.0,8.0,1.0,3.0,537.473917007,2,220.812984943,221.391992807,222.875310898
1,1.0,2.0,10.0,3.0,8.0,1.0,3.0,686.900138855,2,231.143423796,231.872332811,233.455631971
1,1.0,3.0,1.0,-6.0,-5.0,1.0,-12.0,1688.70401382,3,247.655603886,249.383916855,252.200828791
1,1.0,3.0,2.0,-6.0,-5.0,2.0,-3.0,420.827150345,3,260.251503944,260.71388483,261.864484787
1,1.0,3.0,3.0,-6.0,-5.0,2.0,-5.0,454.097032547,3,270.480796814,270.977822781,273.461418867
1,1.0,3.0,4.0,-6.0,-5.0,2.0,-11.0,537.775039673,3,282.227900982,282.807570934,284.557525873
1,1.0,3.0,5.0,-6.0,-5.0,1.0,-7.0,404.143095016,3,293.258713007,293.70439887,295.704260826
1,1.0,3.0,6.0,-6.0,-5.0,1.0,-4.0,387.565135956,3,305.205415964,305.634291887,307.434213877
1,1.0,3.0,7.0,-6.0,-5.0,1.0,-3.0,404.268980026,3,315.985552788,316.497821808,318.530957937
1,1.0,3.0,8.0,-6.0,-5.0,1.0,-9.0,470.848798752,3,327.43223381,327.944584846,329.727827787
1,1.0,3.0,9.0,-6.0,-5.0,2.0,-8.0,603.563070297,3,337.595866919,338.24138689,341.09107399
1,1.0,3.0,10.0,-6.0,-5.0,2.0,1.0,537.166833878,3,349.325810909,349.904907942,351.488248825
1,1.0,4.0,1.0,17.0,1.0,1.0,17.0,905.537843704,4,365.355644941,366.300153971,367.783608913
1,1.0,4.0,2.0,17.0,1.0,2.0,1.0,953.978061676,4,375.268297911,376.263908863,378.897308826
1,1.0,4.0,3.0,17.0,1.0,1.0,17.0,387.669086456,4,386.897537947,387.327133894,389.010868788
1,1.0,4.0,4.0,17.0,1.0,1.0,17.0,421.029090881,4,398.061069965,398.524153948,400.37405777
1,1.0,4.0,5.0,17.0,1.0,1.0,17.0,587.415218353,4,408.308036804,408.937740803,410.737679005
1,1.0,4.0,6.0,17.0,1.0,1.0,17.0,370.783805847,4,419.722062826,420.150895834,421.267865896
1,1.0,4.0,7.0,17.0,1.0,1.0,17.0,554.151058197,4,429.519299984,430.114931822,432.398097992
1,1.0,4.0,8.0,17.0,1.0,1.0,17.0,454.573154449,4,440.149724007,440.645302773,443.04489994
1,1.0,4.0,9.0,17.0,1.0,1.0,17.0,404.10399437,4,452.545992851,452.991675854,455.191456795
1,1.0,4.0,10.0,17.0,1.0,1.0,17.0,404.132127762,4,462.909691811,463.355268955,464.905296803
1,2.0,5.0,1.0,4.0,5.0,1.0,4.0,1505.23400307,2,17.0254430771,18.5677139759,20.7681560516
1,2.0,5.0,2.0,4.0,5.0,2.0,-0.0,370.919942856,2,27.2259869576,27.6315441132,30.1984219551
1,2.0,5.0,3.0,4.0,5.0,2.0,2.0,370.826005936,2,37.8997280598,38.3119130135,41.1286480427
1,2.0,5.0,4.0,4.0,5.0,1.0,4.0,487.257003784,2,49.8130159378,50.3416800499,52.7086310387
1,2.0,5.0,5.0,4.0,5.0,1.0,4.0,354.247808456,2,60.3100979328,60.7055239677,62.9558498859
1,2.0,5.0,6.0,4.0,5.0,1.0,4.0,470.833778381,2,71.4066929817,71.9187180996,73.1693410873
1,2.0,5.0,7.0,4.0,5.0,2.0,13.0,370.828866959,2,80.9872450829,81.399310112,83.099834919
1,2.0,5.0,8.0,4.0,5.0,2.0,11.0,337.563991547,2,90.9177620411,91.2964580059,94.1798219681
1,2.0,5.0,9.0,4.0,5.0,2.0,-0.0,354.025125504,2,101.831451893,102.226775885,104.593689919
1,2.0,5.0,10.0,4.0,5.0,2.0,3.0,354.397058487,2,112.328185081,112.723567963,114.757313013
1,2.0,6.0,1.0,4.0,4.0,2.0,4.0,1238.85607719,4,129.860959053,131.134929895,132.418380976
1,2.0,6.0,2.0,4.0,4.0,1.0,4.0,454.015016556,4,139.989454985,140.4988451,143.047123909
1,2.0,6.0,3.0,4.0,4.0,1.0,4.0,404.183149338,4,150.435566902,150.879208088,152.845670938
1,2.0,6.0,4.0,4.0,4.0,1.0,4.0,654.319047928,4,160.599344015,161.291299105,164.142502069
1,2.0,6.0,5.0,4.0,4.0,1.0,4.0,374.55701828,4,171.611804008,172.023060083,173.321510077
1,2.0,6.0,6.0,4.0,4.0,1.0,4.0,337.565898895,4,182.742089987,183.136496067,185.386425018
1,2.0,6.0,7.0,4.0,4.0,1.0,4.0,387.39991188,4,194.47191596,194.899820089,196.182804108
1,2.0,6.0,8.0,4.0,4.0,1.0,4.0,354.172945023,4,204.020004988,204.413769007,206.330291033
1,2.0,6.0,9.0,4.0,4.0,1.0,4.0,454.216957092,4,215.832298994,216.326976061,217.993598938
1,2.0,6.0,10.0,4.0,4.0,1.0,4.0,420.938014984,4,225.66288805,226.124206066,228.473999023
1,2.0,7.0,1.0,12.0,6.0,2.0,6.0,1372.11298943,1,242.20994997,243.619152069,245.585733891
1,2.0,7.0,2.0,12.0,6.0,1.0,8.0,320.97196579,1,253.038638115,253.399600983,256.316387892
1,2.0,7.0,3.0,12.0,6.0,2.0,6.0,370.852947235,1,264.817404985,265.22939992,268.213040113
1,2.0,7.0,4.0,12.0,6.0,1.0,3.0,420.54104805,1,277.297372103,277.758872986,278.843245029
1,2.0,7.0,5.0,12.0,6.0,2.0,6.0,620.650053024,1,287.561214924,288.222948074,290.156163931
1,2.0,7.0,6.0,12.0,6.0,2.0,6.0,520.792007446,1,298.991485119,299.552989006,301.519512892
1,2.0,7.0,7.0,12.0,6.0,2.0,6.0,554.070949554,1,310.821947098,311.416337013,313.699466944
1,2.0,7.0,8.0,12.0,6.0,2.0,6.0,387.554168701,1,322.801528931,323.229568005,326.045836926
1,2.0,7.0,9.0,12.0,6.0,2.0,6.0,487.569093704,1,334.331649065,334.859500885,336.692707062
1,2.0,7.0,10.0,12.0,6.0,2.0,6.0,403.498888016,1,345.928272009,346.372814894,348.039457083
1,2.0,8.0,1.0,-0.0,-0.0,1.0,1.0,655.613899231,3,361.961981058,362.651541948,364.70146203
1,2.0,8.0,2.0,-0.0,-0.0,1.0,-5.0,354.083061218,3,373.705190897,374.098360062,376.614677906
1,2.0,8.0,3.0,-0.0,-0.0,2.0,-3.0,336.097002029,3,384.600609064,384.978472948,387.928148031
1,2.0,8.0,4.0,-0.0,-0.0,2.0,-4.0,420.715808868,3,396.8472929,397.308450937,399.991518974
1,2.0,8.0,5.0,-0.0,-0.0,1.0,1.0,388.089179993,3,408.993638992,409.421521902,412.087968111
1,2.0,8.0,6.0,-0.0,-0.0,2.0,12.0,348.873138428,3,420.707796097,421.10026598,423.667500973
1,2.0,8.0,7.0,-0.0,-0.0,2.0,8.0,404.191970825,3,431.353909969,431.798376083,433.431708097
1,2.0,8.0,8.0,-0.0,-0.0,2.0,-4.0,387.414932251,3,441.017906904,441.445815086,442.462683916
1,2.0,8.0,9.0,-0.0,-0.0,1.0,-1.0,521.012067795,3,451.764683962,452.325927973,454.659117937
1,2.0,8.0,10.0,-0.0,-0.0,1.0,-1.0,367.011070251,3,462.528551102,462.939552069,464.972729921
1,3.0,9.0,1.0,-5.0,3.0,1.0,-5.0,1122.20215797,2,17.0324339867,18.1906790733,21.0075781345
1,3.0,9.0,2.0,-5.0,3.0,2.0,2.0,387.715101242,2,27.2440600395,27.6713061333,30.5865991116
1,3.0,9.0,3.0,-5.0,3.0,2.0,16.0,354.010105133,2,38.0396931171,38.4349651337,40.3353700638
1,3.0,9.0,4.0,-5.0,3.0,2.0,3.0,338.138103485,2,49.6696410179,50.0482780933,51.7148549557
1,3.0,9.0,5.0,-5.0,3.0,2.0,2.0,404.185056686,2,59.2501580715,59.6954619884,60.8461260796
1,3.0,9.0,6.0,-5.0,3.0,2.0,3.0,470.815896988,2,69.9308791161,70.4426450729,72.573882103
1,3.0,9.0,7.0,-5.0,3.0,2.0,13.0,337.605953217,2,81.4776320457,81.8558521271,84.0223691463
1,3.0,9.0,8.0,-5.0,3.0,2.0,6.0,587.373018265,2,91.5250139236,92.1528561115,94.0861260891
1,3.0,9.0,9.0,-5.0,3.0,2.0,1.0,387.544155121,2,102.405208111,102.833217144,105.59949398
1,3.0,9.0,10.0,-5.0,3.0,2.0,5.0,387.552976608,2,113.369141102,113.796870947,115.896711111
1,3.0,10.0,1.0,0.0,17.0,2.0,17.0,1238.84391785,4,129.62270093,130.891324043,132.841812134
1,3.0,10.0,2.0,0.0,17.0,1.0,0.0,370.928049088,4,140.311790943,140.722435951,141.855801105
1,3.0,10.0,3.0,0.0,17.0,2.0,17.0,370.847940445,4,150.424958944,150.836209059,153.684270144
1,3.0,10.0,4.0,0.0,17.0,2.0,17.0,387.614011765,4,162.753057003,163.182613134,164.347705126
1,3.0,10.0,5.0,0.0,17.0,2.0,17.0,370.820999146,4,173.235157013,173.64626193,176.429221153
1,3.0,10.0,6.0,0.0,17.0,2.0,17.0,1083.42289925,4,184.248599052,185.375921011,186.859470129
1,3.0,10.0,7.0,0.0,17.0,2.0,17.0,404.053926468,4,195.34561801,195.790158033,197.873337984
1,3.0,10.0,8.0,0.0,17.0,2.0,17.0,420.647144318,4,207.009616137,207.469933987,209.786503077
1,3.0,10.0,9.0,0.0,17.0,2.0,17.0,587.314844131,4,218.872195005,219.499791145,221.166302919
1,3.0,10.0,10.0,0.0,17.0,2.0,17.0,370.99981308,4,229.502228975,229.913464069,232.396686077
1,3.0,11.0,1.0,-1.0,-10.0,1.0,1.0,489.357948303,3,246.082533121,246.607172966,248.058840036
1,3.0,11.0,2.0,-1.0,-10.0,1.0,1.0,354.225158691,3,257.245872021,257.638909101,259.203947067
1,3.0,11.0,3.0,-1.0,-10.0,2.0,-11.0,337.46099472,3,267.82310915,268.202265024,270.485593081
1,3.0,11.0,4.0,-1.0,-10.0,1.0,4.0,387.542009354,3,279.221609116,279.649385929,281.249419928
1,3.0,11.0,5.0,-1.0,-10.0,1.0,-7.0,354.432106018,3,290.30162096,290.696167946,292.012843132
1,3.0,11.0,6.0,-1.0,-10.0,1.0,-4.0,354.25901413,3,300.781970978,301.176476002,303.642987013
1,3.0,11.0,7.0,-1.0,-10.0,2.0,-12.0,420.977115631,3,312.828570127,313.289695024,315.92267108
1,3.0,11.0,8.0,-1.0,-10.0,1.0,-2.0,333.950996399,3,325.308498144,325.686218023,327.236150026
1,3.0,11.0,9.0,-1.0,-10.0,1.0,-0.0,337.079048157,3,336.521435022,336.899573088,338.982797146
1,3.0,11.0,10.0,-1.0,-10.0,1.0,2.0,352.558851242,3,347.935140133,348.329644918,350.179525137
1,3.0,12.0,1.0,13.0,-0.0,2.0,-0.0,1538.87081146,1,365.098263979,366.674499035,369.041465044
1,3.0,12.0,2.0,13.0,-0.0,1.0,17.0,387.490987778,1,376.561890125,376.988152981,379.571641922
1,3.0,12.0,3.0,13.0,-0.0,1.0,11.0,339.069128036,1,387.689661026,388.068284035,390.835041046
1,3.0,12.0,4.0,13.0,-0.0,1.0,9.0,337.462186813,1,400.053449154,400.431352139,402.298031092
1,3.0,12.0,5.0,13.0,-0.0,1.0,18.0,354.783058167,1,410.567379951,410.961660147,412.744988918
1,3.0,12.0,6.0,13.0,-0.0,1.0,17.0,283.6561203,1,420.481161118,420.808660984,422.958766937
1,3.0,12.0,7.0,13.0,-0.0,1.0,14.0,287.809848785,1,431.410928011,431.739040136,433.055787086
1,3.0,12.0,8.0,13.0,-0.0,1.0,9.0,454.123020172,1,442.058043957,442.552767038,443.936022997
1,3.0,12.0,9.0,13.0,-0.0,1.0,13.0,837.428092957,1,451.688099146,452.566436052,453.716519117
1,3.0,12.0,10.0,13.0,-0.0,1.0,8.0,620.966911316,1,462.153381109,462.813565016,465.446573973
1,4.0,13.0,1.0,-6.0,-16.0,2.0,-16.0,968.742847443,1,17.0401909351,18.0473709106,20.3143811226
1,4.0,13.0,2.0,-6.0,-16.0,1.0,-6.0,520.943880081,1,27.3515949249,27.9112620354,30.877986908
1,4.0,13.0,3.0,-6.0,-16.0,1.0,3.0,471.032857895,1,39.2794249058,39.7910630703,41.1917009354
1,4.0,13.0,4.0,-6.0,-16.0,1.0,-12.0,387.455940247,1,50.2760629654,50.704668045,53.5709340572
1,4.0,13.0,5.0,-6.0,-16.0,1.0,-3.0,400.356054306,1,61.8900198936,62.334635973,63.7680299282
1,4.0,13.0,6.0,-6.0,-16.0,1.0,-4.0,403.558015823,1,71.6534180641,72.0985629559,74.0650770664
1,4.0,13.0,7.0,-6.0,-16.0,1.0,-9.0,620.828151703,1,83.2516820431,83.9118199348,86.577712059
1,4.0,13.0,8.0,-6.0,-16.0,1.0,-1.0,537.025928497,1,94.630975008,95.2087800503,96.6254041195
1,4.0,13.0,9.0,-6.0,-16.0,1.0,-14.0,554.151058197,1,104.611366034,105.20560813,106.838546991
1,4.0,13.0,10.0,-6.0,-16.0,1.0,-7.0,374.979019165,1,115.608181953,116.019256115,117.535954952
1,4.0,14.0,1.0,-6.0,-1.0,1.0,-5.0,1404.68406677,3,131.738898993,133.180969,134.281260014
1,4.0,14.0,2.0,-6.0,-1.0,1.0,-10.0,471.229791641,3,142.585307121,143.094818115,144.244919062
1,4.0,14.0,3.0,-6.0,-1.0,2.0,7.0,469.240903854,3,152.364386082,152.873945951,155.407262087
1,4.0,14.0,4.0,-6.0,-1.0,2.0,-2.0,437.618970871,3,163.427812099,163.905548096,164.921889067
1,4.0,14.0,5.0,-6.0,-1.0,2.0,7.0,517.093896866,3,174.041441917,174.602437019,177.035576105
1,4.0,14.0,6.0,-6.0,-1.0,2.0,6.0,504.330158234,3,186.237968922,186.782289028,189.615195036
1,4.0,14.0,7.0,-6.0,-1.0,2.0,-3.0,404.152870178,3,197.951230049,198.395695925,200.4788239
1,4.0,14.0,8.0,-6.0,-1.0,2.0,3.0,420.736074448,3,208.914427042,209.375757933,212.125010967
1,4.0,14.0,9.0,-6.0,-1.0,2.0,-3.0,335.88719368,3,221.276832104,221.655324936,222.905817032
1,4.0,14.0,10.0,-6.0,-1.0,2.0,4.0,437.516212463,3,230.958337069,231.436118126,233.552601099
1,4.0,15.0,1.0,4.0,3.0,1.0,4.0,622.07198143,4,248.504898071,249.164371014,251.230951071
1,4.0,15.0,2.0,4.0,3.0,2.0,3.0,354.159116745,4,259.051724911,259.444757938,260.761439085
1,4.0,15.0,3.0,4.0,3.0,1.0,4.0,487.689971924,4,268.780903101,269.308598995,272.074635029
1,4.0,15.0,4.0,4.0,3.0,1.0,4.0,354.58111763,4,281.092853069,281.488500118,283.938064098
1,4.0,15.0,5.0,4.0,3.0,1.0,4.0,454.061985016,4,293.290486097,293.784995079,296.701138973
1,4.0,15.0,6.0,4.0,3.0,1.0,4.0,667.055130005,4,305.120805025,305.829988003,307.714834929
1,4.0,15.0,7.0,4.0,3.0,1.0,4.0,337.600946426,4,316.533967018,316.911520958,318.844810963
1,4.0,15.0,8.0,4.0,3.0,1.0,4.0,387.752056122,4,327.164107084,327.591768026,330.491415024
1,4.0,15.0,9.0,4.0,3.0,1.0,4.0,520.596027374,4,339.393856049,339.954958916,342.438009977
1,4.0,15.0,10.0,4.0,3.0,1.0,4.0,654.114961624,4,349.857592106,350.551985979,352.03521204
1,4.0,16.0,1.0,20.0,-12.0,1.0,20.0,1255.43212891,2,366.643155098,367.930339098,369.997384071
1,4.0,16.0,2.0,20.0,-12.0,1.0,20.0,537.140846252,2,377.183860064,377.76068902,378.927278042
1,4.0,16.0,3.0,20.0,-12.0,2.0,-8.0,537.582159042,2,387.212804079,387.791256905,390.308119059
1,4.0,16.0,4.0,20.0,-12.0,1.0,20.0,437.605142593,2,398.626194954,399.104584932,400.771743059
1,4.0,16.0,5.0,20.0,-12.0,1.0,20.0,370.751857758,2,409.922940969,410.334618092,412.151511908
1,4.0,16.0,6.0,20.0,-12.0,1.0,20.0,354.320049286,2,420.387325048,420.781759977,423.381940126
1,4.0,16.0,7.0,20.0,-12.0,1.0,20.0,402.507066727,2,431.483362913,431.928726912,433.046055079
1,4.0,16.0,8.0,20.0,-12.0,1.0,20.0,337.84198761,2,441.064105034,441.442543983,443.992746115
1,4.0,16.0,9.0,20.0,-12.0,1.0,20.0,353.73711586,2,452.444165945,452.838942051,455.289499044
1,4.0,16.0,10.0,20.0,-12.0,1.0,20.0,470.811843872,2,463.590882063,464.102725983,465.969809055
1,5.0,17.0,1.0,12.0,5.0,1.0,12.0,1154.81591225,2,17.0302801132,18.2229089737,20.1234331131
1,5.0,17.0,2.0,12.0,5.0,2.0,13.0,407.871961594,2,27.5743880272,28.0200991631,30.2869570255
1,5.0,17.0,3.0,12.0,5.0,2.0,6.0,383.801937103,2,38.6872851849,39.1171631813,40.4010090828
1,5.0,17.0,4.0,12.0,5.0,1.0,12.0,354.325056076,2,48.6672019958,49.0641241074,51.5309560299
1,5.0,17.0,5.0,12.0,5.0,1.0,12.0,504.181146622,2,59.3979129791,59.9442901611,62.2279911041
1,5.0,17.0,6.0,12.0,5.0,1.0,12.0,487.061977386,2,70.2114500999,70.7412719727,73.6414091587
1,5.0,17.0,7.0,12.0,5.0,1.0,12.0,371.054887772,2,81.9581341743,82.3714160919,85.1714890003
1,5.0,17.0,8.0,12.0,5.0,1.0,12.0,454.439163208,2,94.2212810516,94.7178311348,96.8172800541
1,5.0,17.0,9.0,12.0,5.0,1.0,12.0,452.605962753,2,104.885856152,105.381443024,108.214295149
1,5.0,17.0,10.0,12.0,5.0,1.0,12.0,704.144954681,2,117.431986094,118.17771101,120.644080162
1,5.0,18.0,1.0,-22.0,2.0,2.0,2.0,1201.38382912,1,134.348152161,135.589138031,138.273147106
1,5.0,18.0,2.0,-22.0,2.0,1.0,-22.0,304.527044296,1,145.040915012,145.386708975,148.186712027
1,5.0,18.0,3.0,-22.0,2.0,2.0,2.0,487.44893074,1,156.370325089,156.900003195,158.217221022
1,5.0,18.0,4.0,-22.0,2.0,2.0,2.0,438.050985336,1,166.33425498,166.814048052,168.614277124
1,5.0,18.0,5.0,-22.0,2.0,2.0,2.0,404.448986053,1,177.497619152,177.944039106,180.877473116
1,5.0,18.0,6.0,-22.0,2.0,2.0,2.0,537.580966949,1,189.127521992,189.707324982,192.090929985
1,5.0,18.0,7.0,-22.0,2.0,2.0,2.0,487.631082535,1,201.15657115,201.687314987,203.320502043
1,5.0,18.0,8.0,-22.0,2.0,2.0,2.0,453.758001328,1,212.438351154,212.934003115,215.717022181
1,5.0,18.0,9.0,-22.0,2.0,2.0,2.0,371.245145798,1,224.68484807,225.097262144,227.863516092
1,5.0,18.0,10.0,-22.0,2.0,2.0,2.0,552.449941635,1,236.398076057,236.993736029,238.343631029
1,5.0,19.0,1.0,5.0,11.0,1.0,7.0,938.918828964,3,252.413236141,253.389086962,255.772298098
1,5.0,19.0,2.0,5.0,11.0,2.0,13.0,437.073945999,3,263.107131004,263.586244106,266.202589989
1,5.0,19.0,3.0,5.0,11.0,2.0,8.0,371.120929718,3,274.036666155,274.449781179,276.016407013
1,5.0,19.0,4.0,5.0,11.0,2.0,9.0,420.922994614,3,283.933748007,284.396967173,286.030249119
1,5.0,19.0,5.0,5.0,11.0,2.0,20.0,535.746097565,3,295.214169025,295.793775082,298.677183151
1,5.0,19.0,6.0,5.0,11.0,2.0,8.0,454.399824142,3,306.110927105,306.607331991,309.390742064
1,5.0,19.0,7.0,5.0,11.0,2.0,4.0,537.088155746,3,317.124629021,317.770727158,319.521164179
1,5.0,19.0,8.0,5.0,11.0,2.0,11.0,421.095848083,3,327.254678965,327.717880964,330.034862995
1,5.0,19.0,9.0,5.0,11.0,2.0,4.0,404.635906219,3,338.534896135,338.981482983,341.281646967
1,5.0,19.0,10.0,5.0,11.0,2.0,11.0,354.324102402,3,348.748748064,349.14519906,351.662069082
1,5.0,20.0,1.0,-12.0,-12.0,1.0,-12.0,1138.87691498,4,366.047440052,367.223237991,369.123069048
1,5.0,20.0,2.0,-12.0,-12.0,2.0,-12.0,355.222940445,4,376.725589991,377.120577097,379.936720133
1,5.0,20.0,3.0,-12.0,-12.0,1.0,-12.0,566.98012352,4,387.654978991,388.267384052,391.166866064
1,5.0,20.0,4.0,-12.0,-12.0,2.0,-12.0,852.481126785,4,398.951614141,399.847328186,401.997282982
1,5.0,20.0,5.0,-12.0,-12.0,2.0,-12.0,483.674049377,4,410.04855299,410.577481985,411.794350147
1,5.0,20.0,6.0,-12.0,-12.0,2.0,-12.0,417.109012604,4,419.662827015,420.14173317,421.891596079
1,5.0,20.0,7.0,-12.0,-12.0,2.0,-12.0,520.934820175,4,429.842987061,430.405354977,433.338282108
1,5.0,20.0,8.0,-12.0,-12.0,2.0,-12.0,354.066133499,4,441.539498091,441.935196161,444.266797066
1,5.0,20.0,9.0,-12.0,-12.0,2.0,-12.0,470.851898193,4,451.88655901,452.399015188,455.315230131
1,5.0,20.0,10.0,-12.0,-12.0,2.0,-12.0,365.477085114,4,464.166831017,464.578602076,465.678833008
1,6.0,21.0,1.0,2.0,6.0,1.0,2.0,1068.1219101,2,17.0391690731,18.1482150555,19.6320750713
1,6.0,21.0,2.0,2.0,6.0,2.0,2.0,370.959997177,2,25.9233489037,26.3291230202,27.9456150532
1,6.0,21.0,3.0,2.0,6.0,2.0,4.0,404.266834259,2,35.7149579525,36.1596610546,37.3426721096
1,6.0,21.0,4.0,2.0,6.0,2.0,8.0,320.554971695,2,45.7956240177,46.1570138931,47.8901538849
1,6.0,21.0,5.0,2.0,6.0,2.0,-0.0,404.193162918,2,56.4757530689,56.9203948975,59.5867049694
1,6.0,21.0,6.0,2.0,6.0,2.0,6.0,371.365070343,2,67.2894001007,67.7006239891,70.633603096
1,6.0,21.0,7.0,2.0,6.0,2.0,2.0,350.292921066,2,79.3525340557,79.7469620705,81.563783884
1,6.0,21.0,8.0,2.0,6.0,2.0,11.0,421.106100082,2,91.2492630482,91.7105369568,93.1938209534
1,6.0,21.0,9.0,2.0,6.0,2.0,2.0,404.191017151,2,101.912909985,102.357440948,104.640424967
1,6.0,21.0,10.0,2.0,6.0,2.0,7.0,470.753908157,2,113.226268053,113.737487078,115.620722055
1,6.0,22.0,1.0,6.0,4.0,1.0,9.0,935.034990311,1,130.53968811,131.515923023,132.649375916
1,6.0,22.0,2.0,6.0,4.0,2.0,4.0,421.078920364,1,140.753139019,141.212990999,142.97812295
1,6.0,22.0,3.0,6.0,4.0,1.0,4.0,337.626934052,1,152.348505974,152.726351976,154.059762001
1,6.0,22.0,4.0,6.0,4.0,1.0,11.0,500.320911407,1,163.413547993,163.956509113,166.206207991
1,6.0,22.0,5.0,6.0,4.0,1.0,8.0,370.934009552,1,174.725625992,175.13685894,176.83663702
1,6.0,22.0,6.0,6.0,4.0,1.0,8.0,320.907115936,1,185.172506094,185.533770084,188.16662693
1,6.0,22.0,7.0,6.0,4.0,1.0,3.0,604.380846024,1,196.702400923,197.347016096,198.513703108
1,6.0,22.0,8.0,6.0,4.0,1.0,-2.0,500.438928604,1,207.099421024,207.643798113,209.193964958
1,6.0,22.0,9.0,6.0,4.0,1.0,5.0,421.08297348,1,217.496511936,217.957890034,220.807387114
1,6.0,22.0,10.0,6.0,4.0,1.0,4.0,420.982837677,1,228.976494074,229.437855005,230.771230936
1,6.0,23.0,1.0,-9.0,-0.0,2.0,-0.0,1488.62290382,4,245.724411011,247.248817921,248.699510098
1,6.0,23.0,2.0,-9.0,-0.0,1.0,-9.0,354.324102402,4,256.668051958,257.063355923,259.380237103
1,6.0,23.0,3.0,-9.0,-0.0,2.0,-0.0,554.317951202,4,268.019301891,268.610024929,271.07691288
1,6.0,23.0,4.0,-9.0,-0.0,2.0,-0.0,371.068000793,4,279.011501074,279.423510075,281.173952103
1,6.0,23.0,5.0,-9.0,-0.0,2.0,-0.0,537.488937378,4,290.225045919,290.803597927,293.534943104
1,6.0,23.0,6.0,-9.0,-0.0,2.0,-0.0,387.537956238,4,301.689117908,302.116703033,303.567048073
1,6.0,23.0,7.0,-9.0,-0.0,2.0,-0.0,387.699127197,4,312.099982977,312.530822039,315.263817072
1,6.0,23.0,8.0,-9.0,-0.0,2.0,-0.0,404.344081879,4,324.814446926,325.260420084,327.760117054
1,6.0,23.0,9.0,-9.0,-0.0,2.0,-0.0,437.927007675,4,336.793009996,337.273796082,339.123735905
1,6.0,23.0,10.0,-9.0,-0.0,2.0,-0.0,404.089927673,4,348.408951998,348.853708029,351.719835997
1,6.0,24.0,1.0,3.0,15.0,1.0,0.0,888.83805275,3,365.506098032,366.431941032,368.048691988
1,6.0,24.0,2.0,3.0,15.0,2.0,17.0,504.93311882,3,375.615427017,376.162529945,377.72922802
1,6.0,24.0,3.0,3.0,15.0,2.0,7.0,337.61715889,3,386.014967918,386.392922878,388.209527016
1,6.0,24.0,4.0,3.0,15.0,2.0,19.0,387.462854385,3,395.962240934,396.390121937,397.590126991
1,6.0,24.0,5.0,3.0,15.0,2.0,17.0,354.311943054,3,406.459115028,406.853718996,408.487020969
1,6.0,24.0,6.0,3.0,15.0,2.0,16.0,720.963001251,3,418.039208889,418.800326109,420.716937065
1,6.0,24.0,7.0,3.0,15.0,2.0,16.0,504.289865494,3,429.585895061,430.130439043,431.76374197
1,6.0,24.0,8.0,3.0,15.0,2.0,11.0,387.878894806,3,439.366167068,439.794425964,441.644413948
1,6.0,24.0,9.0,3.0,15.0,2.0,13.0,369.225978851,3,450.146565914,450.557907104,453.124217033
1,6.0,24.0,10.0,3.0,15.0,2.0,7.0,404.371976852,3,462.510040998,462.954397917,465.170888901
1,7.0,25.0,1.0,-8.0,9.0,2.0,9.0,872.284889221,1,17.0257999897,17.9343869686,19.8015470505
1,7.0,25.0,2.0,-8.0,9.0,1.0,-6.0,854.074954987,1,27.8043670654,28.6979329586,31.5147738457
1,7.0,25.0,3.0,-8.0,9.0,2.0,9.0,454.355955124,1,40.1667599678,40.6612989902,42.5282599926
1,7.0,25.0,4.0,-8.0,9.0,2.0,9.0,337.719917297,1,51.1450200081,51.5249919891,53.0754709244
1,7.0,25.0,5.0,-8.0,9.0,2.0,9.0,537.870168686,1,62.6435790062,63.2215330601,65.8711819649
1,7.0,25.0,6.0,-8.0,9.0,2.0,9.0,337.520122528,1,74.6569900513,75.0513329506,77.8173229694
1,7.0,25.0,7.0,-8.0,9.0,2.0,9.0,387.624025345,1,86.919698,87.3478929996,89.3644678593
1,7.0,25.0,8.0,-8.0,9.0,2.0,9.0,337.35203743,1,97.8670868874,98.2447369099,99.2765979767
1,7.0,25.0,9.0,-8.0,9.0,2.0,9.0,404.164075851,1,108.163918972,108.608453989,110.90822196
1,7.0,25.0,10.0,-8.0,9.0,2.0,9.0,387.267827988,1,118.6942029,119.122040033,120.38881588
1,7.0,26.0,1.0,-19.0,2.0,1.0,-28.0,1405.22193909,3,134.426759958,135.867447853,138.200619936
1,7.0,26.0,2.0,-19.0,2.0,2.0,-7.0,369.328022003,3,145.387223959,145.797827005,147.081187963
1,7.0,26.0,3.0,-19.0,2.0,2.0,9.0,320.842027664,3,155.183722973,155.544924974,156.944968939
1,7.0,26.0,4.0,-19.0,2.0,2.0,2.0,404.356002808,3,165.980562925,166.425211906,168.574379921
1,7.0,26.0,5.0,-19.0,2.0,2.0,1.0,370.897054672,3,176.242892981,176.655784845,177.705808878
1,7.0,26.0,6.0,-19.0,2.0,2.0,-1.0,320.72019577,3,185.958291054,186.319510937,188.719267845
1,7.0,26.0,7.0,-19.0,2.0,2.0,-0.0,337.491035461,3,196.772028923,197.149662971,199.366095066
1,7.0,26.0,8.0,-19.0,2.0,2.0,-3.0,353.876113892,3,208.368804932,208.763063908,211.745857
1,7.0,26.0,9.0,-19.0,2.0,2.0,3.0,354.541063309,3,219.8486619,220.243227005,223.026123047
1,7.0,26.0,10.0,-19.0,2.0,2.0,0.0,400.70104599,3,231.595417976,232.039787054,234.422809839
1,7.0,27.0,1.0,-6.0,-3.0,1.0,-6.0,1071.94399834,4,248.192620039,249.301475048,252.168424845
1,7.0,27.0,2.0,-6.0,-3.0,2.0,-3.0,337.80002594,4,259.60462904,259.981858969,262.448736906
1,7.0,27.0,3.0,-6.0,-3.0,2.0,-3.0,337.926149368,4,270.416388988,270.795332909,273.528883934
1,7.0,27.0,4.0,-6.0,-3.0,2.0,-3.0,337.807893753,4,281.34689188,281.725570917,284.459015846
1,7.0,27.0,5.0,-6.0,-3.0,2.0,-3.0,354.157924652,4,293.244463921,293.637217999,295.355913877
1,7.0,27.0,6.0,-6.0,-3.0,2.0,-3.0,354.084968567,4,303.824018955,304.219280005,306.619529963
1,7.0,27.0,7.0,-6.0,-3.0,2.0,-3.0,454.253911972,4,314.619613886,315.115987062,316.583395004
1,7.0,27.0,8.0,-6.0,-3.0,2.0,-3.0,400.413990021,4,326.117509842,326.562813997,327.912876844
1,7.0,27.0,9.0,-6.0,-3.0,2.0,-3.0,420.816898346,4,336.798512936,337.259449959,339.926074982
1,7.0,27.0,10.0,-6.0,-3.0,2.0,-3.0,404.260873795,4,347.72881794,348.173317909,349.240078926
1,7.0,28.0,1.0,-17.0,3.0,1.0,-17.0,922.018051147,2,362.876239061,363.835469007,365.768499851
1,7.0,28.0,2.0,-17.0,3.0,2.0,-2.0,337.405920029,2,374.805877924,375.182291031,377.398710966
1,7.0,28.0,3.0,-17.0,3.0,2.0,1.0,370.882987976,2,386.634477854,387.045759916,389.745272875
1,7.0,28.0,4.0,-17.0,3.0,2.0,7.0,421.010017395,2,398.664330959,399.125521898,400.775454044
1,7.0,28.0,5.0,-17.0,3.0,2.0,-0.0,304.384946823,2,409.428246975,409.772385836,412.438715935
1,7.0,28.0,6.0,-17.0,3.0,2.0,-0.0,354.156970978,2,420.608283997,421.002500057,423.00233984
1,7.0,28.0,7.0,-17.0,3.0,2.0,4.0,370.9897995,2,431.369928837,431.782757998,434.032546997
1,7.0,28.0,8.0,-17.0,3.0,2.0,7.0,337.389945984,2,441.718663931,442.096552849,443.696033001
1,7.0,28.0,9.0,-17.0,3.0,2.0,6.0,370.676994324,2,452.981956959,453.393292904,454.526721954
1,7.0,28.0,10.0,-17.0,3.0,2.0,10.0,504.097938538,2,463.096709967,463.638900995,465.223618984
1,8.0,29.0,1.0,7.0,14.0,2.0,14.0,1005.36203384,1,17.0302529335,18.0728189945,19.7398560047
1,8.0,29.0,2.0,7.0,14.0,1.0,8.0,421.73409462,1,27.4433128834,27.9031260014,29.0198469162
1,8.0,29.0,3.0,7.0,14.0,2.0,14.0,404.299020767,1,38.3714799881,38.8165819645,40.9002640247
1,8.0,29.0,4.0,7.0,14.0,2.0,14.0,353.810071945,1,48.4852058887,48.8801968098,51.0640048981
1,8.0,29.0,5.0,7.0,14.0,2.0,14.0,338.829040527,1,59.149012804,59.5275080204,60.661000967
1,8.0,29.0,6.0,7.0,14.0,2.0,14.0,520.98107338,1,69.5629618168,70.1243898869,72.3064939976
1,8.0,29.0,7.0,7.0,14.0,2.0,14.0,387.626171112,1,81.3433449268,81.7709729671,82.8716528416
1,8.0,29.0,8.0,7.0,14.0,2.0,14.0,370.904922485,1,91.4230048656,91.834841013,93.5185568333
1,8.0,29.0,9.0,7.0,14.0,2.0,14.0,1054.05902863,1,101.220078945,102.315287828,104.065634966
1,8.0,29.0,10.0,7.0,14.0,2.0,14.0,605.250120163,1,112.18379283,112.828877926,113.912278891
1,8.0,30.0,1.0,12.0,-6.0,1.0,12.0,1020.55883408,3,128.181991816,129.24079895,130.924206972
1,8.0,30.0,2.0,12.0,-6.0,1.0,19.0,470.784902573,3,139.477990866,139.987864017,142.687628984
1,8.0,30.0,3.0,12.0,-6.0,1.0,19.0,407.811880112,3,151.573177814,152.017602921,153.184373856
1,8.0,30.0,4.0,12.0,-6.0,1.0,10.0,454.230070114,3,161.688377857,162.181423903,163.398159027
1,8.0,30.0,5.0,12.0,-6.0,1.0,12.0,387.696027756,3,172.700496912,173.128293991,175.461371899
1,8.0,30.0,6.0,12.0,-6.0,1.0,12.0,405.751943588,3,184.363813877,184.808403015,186.85814786
1,8.0,30.0,7.0,12.0,-6.0,1.0,12.0,437.520027161,3,195.044216871,195.521895885,198.287986994
1,8.0,30.0,8.0,12.0,-6.0,1.0,4.0,287.395000458,3,207.157250881,207.485057831,209.118402004
1,8.0,30.0,9.0,12.0,-6.0,1.0,9.0,387.445926666,3,217.93748498,218.365326881,221.248242855
1,8.0,30.0,10.0,12.0,-6.0,1.0,12.0,339.299917221,3,229.817469835,230.195417881,231.412102938
1,8.0,31.0,1.0,-15.0,-8.0,1.0,-15.0,1239.06493187,2,246.398742914,247.673583031,250.023391008
1,8.0,31.0,2.0,-15.0,-8.0,2.0,-7.0,371.028184891,2,256.994868994,257.404182911,259.520599842
1,8.0,31.0,3.0,-15.0,-8.0,2.0,-9.0,503.958940506,2,267.521161795,268.067873955,270.634447813
1,8.0,31.0,4.0,-15.0,-8.0,2.0,-12.0,487.371206284,2,279.469194889,279.997499943,281.930914879
1,8.0,31.0,5.0,-15.0,-8.0,2.0,-9.0,337.569952011,2,291.10005188,291.477785826,294.344015837
1,8.0,31.0,6.0,-15.0,-8.0,2.0,-4.0,404.193162918,2,303.429199934,303.874221802,306.29060483
1,8.0,31.0,7.0,-15.0,-8.0,2.0,-15.0,370.611906052,2,314.76006484,315.171032906,316.287758827
1,8.0,31.0,8.0,-15.0,-8.0,2.0,-7.0,370.792865753,2,325.390204906,325.801290989,326.835007906
1,8.0,31.0,9.0,-15.0,-8.0,2.0,-6.0,370.718002319,2,335.438123941,335.848412991,338.414328814
1,8.0,31.0,10.0,-15.0,-8.0,2.0,-6.0,453.978061676,2,346.517021894,347.011304855,349.145160913
1,8.0,32.0,1.0,26.0,-2.0,1.0,26.0,1089.04910088,4,362.714200974,363.840440989,366.424057007
1,8.0,32.0,2.0,26.0,-2.0,1.0,26.0,400.382041931,4,374.960072994,375.403817892,376.787611961
1,8.0,32.0,3.0,26.0,-2.0,1.0,26.0,437.528133392,4,384.93906188,385.41700387,387.651228905
1,8.0,32.0,4.0,26.0,-2.0,1.0,26.0,370.97287178,4,396.31932497,396.731163025,398.381573915
1,8.0,32.0,5.0,26.0,-2.0,1.0,26.0,1055.41992188,4,406.99948287,408.094523907,409.311183929
1,8.0,32.0,6.0,26.0,-2.0,1.0,26.0,420.771121979,4,417.896968842,418.358146906,420.841178894
1,8.0,32.0,7.0,26.0,-2.0,1.0,26.0,471.13609314,4,429.210458994,429.721521854,432.121344805
1,8.0,32.0,8.0,26.0,-2.0,1.0,26.0,487.486839294,4,441.207180023,441.734783888,444.651045799
1,8.0,32.0,9.0,26.0,-2.0,1.0,26.0,487.653970718,4,453.62043786,454.147753954,455.298009872
1,8.0,32.0,10.0,26.0,-2.0,1.0,26.0,437.101125717,4,463.26749897,463.745127916,465.461685896
2,1.0,1.0,1.0,-11.0,4.0,1,-11.0,943.10092926,2,17.0404720306,18.0304920673,19.7144138813
2,1.0,1.0,2.0,-11.0,4.0,2,3.0,553.954839706,2,26.3490989208,26.9443118572,29.3617529869
2,1.0,1.0,3.0,-11.0,4.0,2,1.0,537.549972534,2,37.4117069244,37.9914989471,40.6248629093
2,1.0,1.0,4.0,-11.0,4.0,2,3.0,520.525217056,2,49.1082980633,49.67157197,50.7221848965
2,1.0,1.0,5.0,-11.0,4.0,2,8.0,467.445850372,2,59.605465889,60.1184849739,62.1521449089
2,1.0,1.0,6.0,-11.0,4.0,2,8.0,554.648160934,2,71.4028759003,71.9982218742,73.4985249043
2,1.0,1.0,7.0,-11.0,4.0,2,2.0,588.150978088,2,82.932767868,83.5618388653,85.8782720566
2,1.0,1.0,8.0,-11.0,4.0,2,4.0,471.127033234,2,93.3300988674,93.842416048,96.1921360493
2,1.0,1.0,9.0,-11.0,4.0,2,6.0,470.969200134,2,105.593071938,106.105355024,107.387086868
2,1.0,1.0,10.0,-11.0,4.0,2,6.0,666.857004166,2,115.356994867,116.069267035,118.285676003
2,1.0,2.0,1.0,-4.0,-7.0,1,-1.0,705.554008484,3,133.52147603,134.264148951,136.247430086
2,1.0,2.0,2.0,-4.0,-7.0,2,-6.0,504.377841949,3,144.366057873,144.911045074,146.043828011
2,1.0,2.0,3.0,-4.0,-7.0,1,-7.0,504.698038101,3,155.395591021,155.941267014,157.707490921
2,1.0,2.0,4.0,-4.0,-7.0,1,7.0,437.814950943,3,165.325042963,165.80505991,167.121797085
2,1.0,2.0,5.0,-4.0,-7.0,1,-10.0,421.028852463,3,174.98930192,175.450936079,177.385727882
2,1.0,2.0,6.0,-4.0,-7.0,1,-3.0,454.015016556,3,186.520253897,187.015755892,189.48206687
2,1.0,2.0,7.0,-4.0,-7.0,2,-10.0,483.625888824,3,197.316956997,197.846076965,200.029124975
2,1.0,2.0,8.0,-4.0,-7.0,1,-4.0,670.737981796,3,207.797190905,208.509618044,210.242249966
2,1.0,2.0,9.0,-4.0,-7.0,1,-4.0,482.234954834,3,218.127709866,218.655606985,221.072926998
2,1.0,2.0,10.0,-4.0,-7.0,1,-8.0,934.046030045,3,229.740936041,230.719632864,231.936603069
2,1.0,3.0,1.0,15.0,4.0,1,15.0,718.528032303,4,246.191299915,246.948700905,248.765292883
2,1.0,3.0,2.0,15.0,4.0,1,15.0,620.905160904,4,257.032639027,257.695546865,259.245611906
2,1.0,3.0,3.0,15.0,4.0,2,4.0,538.78903389,4,267.229655981,267.809304953,270.775838852
2,1.0,3.0,4.0,15.0,4.0,1,15.0,437.51502037,4,279.892802,280.372287989,282.722245932
2,1.0,3.0,5.0,15.0,4.0,1,15.0,504.15802002,4,291.540045023,292.085695028,295.018688917
2,1.0,3.0,6.0,15.0,4.0,1,15.0,570.806980133,4,302.936908007,303.549052954,306.465512991
2,1.0,3.0,7.0,15.0,4.0,1,15.0,471.389055252,4,314.866699934,315.37917304,316.712473869
2,1.0,3.0,8.0,15.0,4.0,1,15.0,505.057811737,4,325.330388069,325.876149893,327.375428915
2,1.0,3.0,9.0,15.0,4.0,1,15.0,587.754011154,4,336.060585976,336.689725876,339.721849918
2,1.0,3.0,10.0,15.0,4.0,1,15.0,537.453174591,4,348.654592037,349.2363379,352.085582018
2,1.0,4.0,1.0,14.0,-6.0,1,0.0,560.0,1,365.973888874,nan,370.347755909
2,1.0,4.0,2.0,14.0,-6.0,2,-6.0,521.276950836,1,376.432175875,376.994844913,378.361490011
2,1.0,4.0,3.0,14.0,-6.0,1,16.0,603.955984116,1,387.646275997,388.291734934,389.991818905
2,1.0,4.0,4.0,14.0,-6.0,1,12.0,654.122114182,1,398.592740059,399.288119078,401.48759985
2,1.0,4.0,5.0,14.0,-6.0,1,12.0,637.928962708,1,409.972884893,410.651839018,412.651671886
2,1.0,4.0,6.0,14.0,-6.0,1,20.0,522.614955902,1,420.287366867,420.84900403,422.032396078
2,1.0,4.0,7.0,14.0,-6.0,1,11.0,520.596981049,1,430.71708107,431.279527903,432.429507971
2,1.0,4.0,8.0,14.0,-6.0,1,23.0,654.242038727,1,440.246788025,440.943264008,443.376306057
2,1.0,4.0,9.0,14.0,-6.0,1,17.0,670.696020126,1,451.361131907,452.073371887,454.356458902
2,1.0,4.0,10.0,14.0,-6.0,1,19.0,704.013109207,1,462.841161013,463.586854935,465.003464937
2,2.0,5.0,1.0,-12.0,-3.0,1,-12.0,1105.2069664,2,17.0314970016,18.1734271049,20.7737960815
2,2.0,5.0,2.0,-12.0,-3.0,2,-6.0,537.389039993,2,28.1989109516,28.7687730789,30.0868570805
2,2.0,5.0,3.0,-12.0,-3.0,2,4.0,538.424015045,2,38.8385870457,39.4174420834,41.717746973
2,2.0,5.0,4.0,-12.0,-3.0,2,-3.0,471.348047256,2,49.6690239906,50.1809589863,53.197603941
2,2.0,5.0,5.0,-12.0,-3.0,2,-7.0,604.110002518,2,60.7825040817,61.4275078773,63.5112309456
2,2.0,5.0,6.0,-12.0,-3.0,2,-0.0,537.546157837,2,72.2125720978,72.7910408974,73.9245820045
2,2.0,5.0,7.0,-12.0,-3.0,2,-4.0,549.85499382,2,82.7602219582,83.3546938896,85.7379970551
2,2.0,5.0,8.0,-12.0,-3.0,2,1.0,571.002006531,2,94.690310955,95.3014349937,98.3004579544
2,2.0,5.0,9.0,-12.0,-3.0,2,-8.0,554.468870163,2,106.186845064,106.781183004,109.198078871
2,2.0,5.0,10.0,-12.0,-3.0,2,2.0,504.604101181,2,116.650578976,117.195223093,119.061752081
2,2.0,6.0,1.0,10.0,10.0,1,6.0,1370.51796913,3,133.348151922,134.756983042,136.357012033
2,2.0,6.0,2.0,10.0,10.0,2,14.0,471.14109993,3,144.543308973,145.054054022,146.104155064
2,2.0,6.0,3.0,10.0,10.0,2,16.0,454.201936722,3,154.355854988,154.851325989,156.234620094
2,2.0,6.0,4.0,10.0,10.0,2,9.0,419.455051422,3,164.436491013,164.896878958,166.064018965
2,2.0,6.0,5.0,10.0,10.0,2,8.0,370.734930038,3,174.333702087,174.745594025,176.362253904
2,2.0,6.0,6.0,10.0,10.0,2,11.0,436.909914017,3,184.880673885,185.359220028,186.725991964
2,2.0,6.0,7.0,10.0,10.0,2,10.0,604.672908783,3,194.877732038,195.523092031,197.056858063
2,2.0,6.0,8.0,10.0,10.0,2,19.0,554.216861725,3,206.091511965,206.686616898,209.170198917
2,2.0,6.0,9.0,10.0,10.0,2,9.0,504.214048386,3,217.671201944,218.216638088,220.615213871
2,2.0,6.0,10.0,10.0,10.0,2,7.0,554.316997528,3,229.683712006,230.280025005,232.546447992
2,2.0,7.0,1.0,-10.0,-2.0,1,-9.0,1305.17196655,1,247.476865053,248.82468605,250.941752911
2,2.0,7.0,2.0,-10.0,-2.0,2,-2.0,504.451036453,1,259.144474983,259.688215971,261.82188201
2,2.0,7.0,3.0,-10.0,-2.0,2,-2.0,537.792921066,1,270.989547014,271.568259001,273.468492985
2,2.0,7.0,4.0,-10.0,-2.0,2,-2.0,704.221963882,1,282.602799892,283.347897053,284.664975882
2,2.0,7.0,5.0,-10.0,-2.0,2,-2.0,750.013113022,1,292.020211935,292.812212944,295.578562975
2,2.0,7.0,6.0,-10.0,-2.0,2,-2.0,604.159832001,1,304.730565071,305.375181913,307.841635942
2,2.0,7.0,7.0,-10.0,-2.0,2,-2.0,804.645061493,1,316.794176102,317.638581991,318.688493013
2,2.0,7.0,8.0,-10.0,-2.0,2,-2.0,837.275981903,1,327.20778203,328.085175037,330.985085964
2,2.0,7.0,9.0,-10.0,-2.0,2,-2.0,1383.56900215,1,339.270577908,340.698546886,342.49823308
2,2.0,7.0,10.0,-10.0,-2.0,2,-2.0,654.65593338,1,350.101136923,350.79518199,353.395337105
2,2.0,8.0,1.0,-2.0,-3.0,1,-2.0,1255.44309616,4,368.530948877,369.823642969,372.707196951
2,2.0,8.0,2.0,-2.0,-3.0,2,-3.0,483.636140823,4,379.826668024,380.354104042,382.104460955
2,2.0,8.0,3.0,-2.0,-3.0,1,-2.0,520.825147629,4,390.672281027,391.234158039,392.30150795
2,2.0,8.0,4.0,-2.0,-3.0,1,-2.0,760.389089584,4,401.219384909,402.030982971,404.897480965
2,2.0,8.0,5.0,-2.0,-3.0,1,-2.0,621.066093445,4,412.78332901,413.44451499,415.094557047
2,2.0,8.0,6.0,-2.0,-3.0,1,-2.0,653.976202011,4,423.413712025,424.10821104,425.791454077
2,2.0,8.0,7.0,-2.0,-3.0,1,-2.0,571.60615921,4,433.510761023,434.1220119,436.187803984
2,2.0,8.0,8.0,-2.0,-3.0,1,-2.0,570.88804245,4,445.540719032,446.150425911,447.401864052
2,2.0,8.0,9.0,-2.0,-3.0,1,-2.0,654.385089874,4,454.871383905,455.565898895,456.84935689
2,2.0,8.0,10.0,-2.0,-3.0,1,-2.0,586.513996124,4,464.384645939,465.012279987,466.394972086
2,3.0,9.0,1.0,-6.0,7.0,1,-1.0,1205.68799973,1,17.0307619572,18.2689249516,20.6858921051
2,3.0,9.0,2.0,-6.0,7.0,2,7.0,437.237024307,1,26.9895069599,27.4661850929,28.8828361034
2,3.0,9.0,3.0,-6.0,7.0,2,7.0,404.175043106,1,36.9200041294,37.3632111549,40.3296461105
2,3.0,9.0,4.0,-6.0,7.0,2,7.0,670.763969421,1,49.6152510643,50.3262789249,51.8596251011
2,3.0,9.0,5.0,-6.0,7.0,2,7.0,722.322940826,1,59.8123221397,60.5736761093,63.1399240494
2,3.0,9.0,6.0,-6.0,7.0,2,7.0,487.684965134,1,70.8591611385,71.3870251179,73.1535799503
2,3.0,9.0,7.0,-6.0,7.0,2,7.0,487.318992615,1,80.7215409279,81.2509031296,83.9004709721
2,3.0,9.0,8.0,-6.0,7.0,2,7.0,837.583065033,1,93.2694561481,94.1472079754,96.5802969933
2,3.0,9.0,9.0,-6.0,7.0,2,7.0,704.345941544,1,104.916214943,105.66052103,108.143676996
2,3.0,9.0,10.0,-6.0,7.0,2,7.0,770.889043808,1,116.679728985,117.490585089,119.423799992
2,3.0,10.0,1.0,-0.0,-3.0,2,-3.0,1822.13592529,4,133.061758995,134.918591022,137.219253063
2,3.0,10.0,2.0,-0.0,-3.0,1,-0.0,1287.60409355,4,143.422548056,144.749555111,146.482831955
2,3.0,10.0,3.0,-0.0,-3.0,1,-0.0,487.456083298,4,154.18466711,154.713298082,156.496605158
2,3.0,10.0,4.0,-0.0,-3.0,1,-0.0,620.119094849,4,164.380372047,165.0437181,167.910400152
2,3.0,10.0,5.0,-0.0,-3.0,1,-0.0,754.105091095,4,175.895143032,176.690253973,178.190868139
2,3.0,10.0,6.0,-0.0,-3.0,1,-0.0,737.612009048,4,186.142413139,186.920946121,189.087916136
2,3.0,10.0,7.0,-0.0,-3.0,1,-0.0,637.892007828,4,198.010550976,198.700768948,200.884467125
2,3.0,10.0,8.0,-0.0,-3.0,1,-0.0,700.402975082,4,209.468966007,210.214094162,212.363976955
2,3.0,10.0,9.0,-0.0,-3.0,1,-0.0,837.847948074,4,221.482805967,222.360742092,224.94376111
2,3.0,10.0,10.0,-0.0,-3.0,1,-0.0,920.789957047,4,233.712805986,234.673617125,236.072165012
2,3.0,11.0,1.0,24.0,10.0,1,24.0,1805.34410477,2,250.729081154,252.585408926,253.768919945
2,3.0,11.0,2.0,24.0,10.0,1,24.0,671.091079712,2,261.705412149,262.41595006,263.765938997
2,3.0,11.0,3.0,24.0,10.0,1,24.0,601.829051971,2,272.417880058,273.062915087,275.628750086
2,3.0,11.0,4.0,24.0,10.0,1,24.0,737.527132034,2,284.264196157,285.042613029,287.825853109
2,3.0,11.0,5.0,24.0,10.0,1,24.0,652.357816696,2,295.295315027,295.989692926,297.50632596
2,3.0,11.0,6.0,24.0,10.0,1,24.0,554.078102112,2,306.275633097,306.869557142,308.653203964
2,3.0,11.0,7.0,24.0,10.0,1,24.0,1005.66601753,2,317.15575695,318.199943066,320.116518021
2,3.0,11.0,8.0,24.0,10.0,1,24.0,1237.27488518,2,327.152822018,328.43056798,330.830300093
2,3.0,11.0,9.0,24.0,10.0,1,24.0,750.194072723,2,338.482922077,339.277354956,340.31075716
2,3.0,11.0,10.0,24.0,10.0,1,24.0,736.205101013,2,349.313145161,350.08981204,352.223519087
2,3.0,12.0,1.0,-8.0,23.0,1,-13.0,989.004850388,3,366.576712132,367.602739096,369.852544069
2,3.0,12.0,2.0,-8.0,23.0,2,22.0,471.489906311,3,377.006061077,377.516440153,379.665868998
2,3.0,12.0,3.0,-8.0,23.0,2,16.0,521.123886108,3,388.13470602,388.69658494,389.913299084
2,3.0,12.0,4.0,-8.0,23.0,2,18.0,404.6459198,3,397.965327978,398.410688162,399.777303934
2,3.0,12.0,5.0,-8.0,23.0,2,26.0,437.628984451,3,408.345509052,408.82417202,410.774466038
2,3.0,12.0,6.0,-8.0,23.0,2,21.0,637.661933899,3,418.692957163,419.387825012,421.838220119
2,3.0,12.0,7.0,-8.0,23.0,2,19.0,554.448127747,3,429.872808933,430.468029976,433.401432037
2,3.0,12.0,8.0,-8.0,23.0,2,19.0,683.241128922,3,441.50289607,442.231044054,445.030813932
2,3.0,12.0,9.0,-8.0,23.0,2,21.0,753.833055496,3,453.116197109,453.911335945,455.34532094
2,3.0,12.0,10.0,-8.0,23.0,2,26.0,637.562990189,3,462.830119133,463.508548975,465.492282152
2,4.0,13.0,1.0,8.0,-16.0,1,11.0,1472.15986252,1,17.0299291611,18.5390610695,19.9063160419
2,4.0,13.0,2.0,8.0,-16.0,2,-16.0,355.408906937,1,26.593296051,26.986413002,29.7194919586
2,4.0,13.0,3.0,8.0,-16.0,1,6.0,421.007156372,1,38.1030781269,38.5659930706,40.9334180355
2,4.0,13.0,4.0,8.0,-16.0,1,6.0,419.189929962,1,48.5183639526,48.980173111,50.8969089985
2,4.0,13.0,5.0,8.0,-16.0,1,8.0,520.830869675,1,59.4153110981,59.9769871235,61.4440031052
2,4.0,13.0,6.0,8.0,-16.0,1,7.0,671.013832092,1,69.0628340244,69.7910449505,71.5582270622
2,4.0,13.0,7.0,8.0,-16.0,1,14.0,471.096992493,1,79.2098920345,79.7211940289,82.1884789467
2,4.0,13.0,8.0,8.0,-16.0,1,9.0,538.007974625,1,90.873044014,91.4514701366,93.1519470215
2,4.0,13.0,9.0,8.0,-16.0,1,10.0,504.08911705,1,102.469915152,103.014912128,104.948224068
2,4.0,13.0,10.0,8.0,-16.0,1,6.0,504.240036011,1,113.783560991,114.328447104,115.544866085
2,4.0,14.0,1.0,-3.0,-20.0,1,-3.0,1518.26000214,2,130.384482145,131.939666033,134.106850147
2,4.0,14.0,2.0,-3.0,-20.0,2,-19.0,454.087972641,2,141.761217117,142.254031181,143.570647955
2,4.0,14.0,3.0,-3.0,-20.0,1,-3.0,601.279020309,2,152.986564159,153.633243084,156.16744113
2,4.0,14.0,4.0,-3.0,-20.0,1,-3.0,704.128026962,2,165.085474014,165.830475092,168.713047981
2,4.0,14.0,5.0,-3.0,-20.0,1,-3.0,537.578105927,2,176.433012962,177.01057601,178.793800116
2,4.0,14.0,6.0,-3.0,-20.0,1,-3.0,700.469017029,2,187.079736948,187.824016094,190.623847008
2,4.0,14.0,7.0,-3.0,-20.0,1,-3.0,471.112966537,2,198.343155146,198.854518175,200.82101512
2,4.0,14.0,8.0,-3.0,-20.0,1,-3.0,754.858016968,2,210.040061951,210.834208965,213.250729084
2,4.0,14.0,9.0,-3.0,-20.0,1,-3.0,421.12994194,2,221.636535168,222.097895145,224.397747993
2,4.0,14.0,10.0,-3.0,-20.0,1,-3.0,771.409988403,2,232.417082071,233.244636059,236.277220964
2,4.0,15.0,1.0,-3.0,2.0,1,-10.0,1238.75212669,3,250.363569975,251.639034033,253.439402103
2,4.0,15.0,2.0,-3.0,2.0,2,3.0,454.423904419,3,260.809695005,261.303342104,262.903316021
2,4.0,15.0,3.0,-3.0,2.0,2,4.0,437.562227249,3,272.388375044,272.86680603,274.599899054
2,4.0,15.0,4.0,-3.0,2.0,2,3.0,537.638902664,3,283.735146046,284.313604116,285.74697113
2,4.0,15.0,5.0,-3.0,2.0,2,3.0,570.629119873,3,294.883280993,295.510044098,297.010280132
2,4.0,15.0,6.0,-3.0,2.0,2,2.0,503.787994385,3,304.946658134,305.490281105,308.307077169
2,4.0,15.0,7.0,-3.0,2.0,2,-2.0,471.027851105,3,316.643141985,317.154149055,318.703571081
2,4.0,15.0,8.0,-3.0,2.0,2,7.0,470.569133759,3,327.040136099,327.551233053,329.484560013
2,4.0,15.0,9.0,-3.0,2.0,2,0.0,837.471961975,3,338.820948124,339.69728899,341.164374113
2,4.0,15.0,10.0,-3.0,2.0,2,-3.0,620.791912079,3,350.183653116,350.844794989,352.36146307
2,4.0,16.0,1.0,15.0,-11.0,1,15.0,789.056777954,4,365.764609098,366.590156078,368.039842129
2,4.0,16.0,2.0,15.0,-11.0,1,15.0,489.238977432,4,375.327888966,375.852661133,377.454107046
2,4.0,16.0,3.0,15.0,-11.0,1,15.0,470.951080322,4,386.90654707,387.41755414,389.750622988
2,4.0,16.0,4.0,15.0,-11.0,1,15.0,533.660888672,4,398.869799137,399.44727397,401.330667019
2,4.0,16.0,5.0,15.0,-11.0,1,15.0,537.297010422,4,410.083362103,410.661053181,412.160938978
2,4.0,16.0,6.0,15.0,-11.0,1,15.0,521.039009094,4,421.014405012,421.572890997,423.724291086
2,4.0,16.0,7.0,15.0,-11.0,1,15.0,470.873832703,4,431.377151012,431.888283968,434.487589121
2,4.0,16.0,8.0,15.0,-11.0,1,15.0,687.441825867,4,442.174206018,442.901781082,445.600901127
2,4.0,16.0,9.0,15.0,-11.0,1,15.0,620.933055878,4,453.254415989,453.915440083,455.38203907
2,4.0,16.0,10.0,15.0,-11.0,1,15.0,754.102945328,4,462.950342178,463.745800018,464.895776033
2,5.0,17.0,1.0,6.0,0.0,1.0,6.0,1205.77001572,4,17.0349938869,18.2772808075,19.6260509491
2,5.0,17.0,2.0,6.0,0.0,2.0,0.0,487.650871277,4,27.1289198399,27.657861948,30.3082249165
2,5.0,17.0,3.0,6.0,0.0,1.0,6.0,466.92609787,4,38.8749399185,39.3879377842,41.6546988487
2,5.0,17.0,4.0,6.0,0.0,1.0,6.0,554.413080215,4,50.5716538429,51.1680278778,53.1683249474
2,5.0,17.0,5.0,6.0,0.0,1.0,6.0,570.504903793,4,62.2185177803,62.8311448097,63.9647569656
2,5.0,17.0,6.0,6.0,0.0,1.0,6.0,771.062135696,4,72.8656849861,73.6948127747,75.844824791
2,5.0,17.0,7.0,6.0,0.0,1.0,6.0,571.021080017,4,84.3293678761,84.9416539669,86.4083769321
2,5.0,17.0,8.0,6.0,0.0,1.0,6.0,520.843982697,4,93.87677598,94.4383869171,97.3886659145
2,5.0,17.0,9.0,6.0,0.0,1.0,6.0,587.931871414,4,105.306706905,105.935770988,107.668937922
2,5.0,17.0,10.0,6.0,0.0,1.0,6.0,570.961952209,4,116.337128878,116.949335814,119.165865898
2,5.0,18.0,1.0,5.0,-6.0,2.0,-8.0,1188.44294548,3,132.987696886,134.211114883,136.976359844
2,5.0,18.0,2.0,5.0,-6.0,1.0,10.0,419.145107269,3,143.793401957,144.258210897,147.108255863
2,5.0,18.0,3.0,5.0,-6.0,1.0,9.0,521.119117737,3,155.908352852,156.471302986,158.471301794
2,5.0,18.0,4.0,5.0,-6.0,1.0,18.0,570.999145508,3,167.389633894,168.001427889,170.317225933
2,5.0,18.0,5.0,5.0,-6.0,1.0,3.0,487.494945526,3,178.735978842,179.264962912,180.38180089
2,5.0,18.0,6.0,5.0,-6.0,1.0,5.0,520.771026611,3,189.582756996,190.14515996,191.727731943
2,5.0,18.0,7.0,5.0,-6.0,1.0,7.0,487.489938736,3,201.046287775,201.57533884,203.541902781
2,5.0,18.0,8.0,5.0,-6.0,1.0,9.0,503.780126572,3,212.542220831,213.088690996,216.02161479
2,5.0,18.0,9.0,5.0,-6.0,1.0,9.0,1137.45093346,3,224.756187916,225.935067892,228.801199913
2,5.0,18.0,10.0,5.0,-6.0,1.0,4.0,620.466947556,3,237.052646875,237.714917898,240.064770937
2,5.0,19.0,1.0,5.0,7.0,1.0,5.0,656.048059464,2,254.104060888,254.793438911,256.293421984
2,5.0,19.0,2.0,5.0,7.0,2.0,2.0,637.372016907,2,264.245263815,264.923940897,266.873821974
2,5.0,19.0,3.0,5.0,7.0,1.0,5.0,1400.04491806,2,274.659168959,276.104056835,277.320756912
2,5.0,19.0,4.0,5.0,7.0,2.0,6.0,1170.56298256,2,284.489251852,285.701479912,287.468050957
2,5.0,19.0,5.0,5.0,7.0,1.0,5.0,588.316917419,2,294.985500813,295.614076853,298.331238985
2,5.0,19.0,6.0,5.0,7.0,2.0,3.0,421.004056931,2,306.933116913,307.411914825,309.661102772
2,5.0,19.0,7.0,5.0,7.0,1.0,5.0,471.031904221,2,318.213181973,318.791904926,320.291931868
2,5.0,19.0,8.0,5.0,7.0,1.0,5.0,504.400968552,2,328.959987879,329.505537987,331.388900995
2,5.0,19.0,9.0,5.0,7.0,1.0,5.0,804.486989975,2,339.773458958,340.61904192,341.735751867
2,5.0,19.0,10.0,5.0,7.0,1.0,5.0,967.257976532,2,349.203344822,350.216077805,351.383080959
2,5.0,20.0,1.0,24.0,-12.0,1.0,29.0,1788.62810135,1,365.919782877,367.744665861,370.078574896
2,5.0,20.0,2.0,24.0,-12.0,1.0,33.0,504.253864288,1,377.429466963,377.975013971,380.775301933
2,5.0,20.0,3.0,24.0,-12.0,1.0,32.0,487.390995026,1,388.758940935,389.288288832,390.572622776
2,5.0,20.0,4.0,24.0,-12.0,1.0,22.0,536.04388237,1,398.989259005,399.568897963,401.202818871
2,5.0,20.0,5.0,24.0,-12.0,1.0,18.0,570.891141891,1,410.169466972,410.782490969,412.415810823
2,5.0,20.0,6.0,24.0,-12.0,1.0,21.0,587.762117386,1,420.116577864,420.746281862,422.246222973
2,5.0,20.0,7.0,24.0,-12.0,1.0,26.0,566.969156265,1,430.247074842,430.860094786,433.209560871
2,5.0,20.0,8.0,24.0,-12.0,1.0,21.0,604.469060898,1,440.778039932,441.422086,442.757048845
2,5.0,20.0,9.0,24.0,-12.0,1.0,23.0,787.77217865,1,450.891760826,451.720805883,454.137248993
2,5.0,20.0,10.0,24.0,-12.0,1.0,21.0,716.690063477,1,462.570422888,463.334137917,465.199021816
2,6.0,21.0,1.0,17.0,0.0,1.0,17.0,989.408969879,2,17.0396258831,18.065092802,20.2154388428
2,6.0,21.0,2.0,17.0,0.0,1.0,17.0,421.224832535,2,27.7542538643,28.2120888233,30.995497942
2,6.0,21.0,3.0,17.0,0.0,1.0,17.0,675.481081009,2,39.2969930172,40.0421259403,42.1919739246
2,6.0,21.0,4.0,17.0,0.0,1.0,17.0,516.950130463,2,49.8605339527,50.4223678112,52.2056109905
2,6.0,21.0,5.0,17.0,0.0,1.0,17.0,504.045963287,2,60.8746938705,61.4192478657,62.8692579269
2,6.0,21.0,6.0,17.0,0.0,1.0,17.0,604.254961014,2,70.8729169369,71.516299963,74.2143080235
2,6.0,21.0,7.0,17.0,0.0,1.0,17.0,571.485996246,2,81.6851129532,82.2966740131,83.6633098125
2,6.0,21.0,8.0,17.0,0.0,1.0,17.0,571.332931519,2,92.1324779987,92.743614912,94.8267579079
2,6.0,21.0,9.0,17.0,0.0,1.0,17.0,749.925851822,2,103.595791817,104.390416861,107.256672859
2,6.0,21.0,10.0,17.0,0.0,1.0,17.0,571.167945862,2,114.992579937,115.603760004,117.436491013
2,6.0,22.0,1.0,-6.0,-6.0,1.0,-14.0,772.6521492,3,131.461942911,132.265735865,134.465677023
2,6.0,22.0,2.0,-6.0,-6.0,2.0,-3.0,404.308795929,3,142.598737001,143.046015978,144.112874031
2,6.0,22.0,3.0,-6.0,-6.0,2.0,3.0,437.375068665,3,152.54893589,153.026438951,154.69303298
2,6.0,22.0,4.0,-6.0,-6.0,2.0,-10.0,450.417995453,3,162.379971027,162.873720884,164.523631811
2,6.0,22.0,5.0,-6.0,-6.0,2.0,-4.0,437.465190887,3,172.226271868,172.704332829,174.904083014
2,6.0,22.0,6.0,-6.0,-6.0,2.0,-7.0,504.255056381,3,184.239444971,184.784147024,186.767371893
2,6.0,22.0,7.0,-6.0,-6.0,2.0,-6.0,421.205997467,3,195.883383989,196.347529888,197.963797808
2,6.0,22.0,8.0,-6.0,-6.0,2.0,-1.0,438.329935074,3,205.433279991,205.911444902,207.178123951
2,6.0,22.0,9.0,-6.0,-6.0,2.0,-2.0,537.95003891,3,216.430560827,217.008242846,219.208088875
2,6.0,22.0,10.0,-6.0,-6.0,2.0,-11.0,621.180057526,3,227.927162886,228.588474989,231.487634897
2,6.0,23.0,1.0,4.0,2.0,1.0,10.0,1334.98501778,1,246.040603876,247.416321993,249.533421993
2,6.0,23.0,2.0,4.0,2.0,2.0,2.0,650.372028351,1,257.352829933,258.046711922,259.796716928
2,6.0,23.0,3.0,4.0,2.0,1.0,3.0,471.275091171,1,268.914783955,269.426205873,271.109815836
2,6.0,23.0,4.0,4.0,2.0,1.0,0.0,454.803943634,1,279.162805796,279.656696796,281.807009935
2,6.0,23.0,5.0,4.0,2.0,1.0,3.0,383.71515274,1,289.409677029,289.837646008,292.787294865
2,6.0,23.0,6.0,4.0,2.0,1.0,3.0,483.627080917,1,300.97318387,301.500948906,303.834061861
2,6.0,23.0,7.0,4.0,2.0,1.0,4.0,421.231985092,1,312.135721922,312.597777843,315.380961895
2,6.0,23.0,8.0,4.0,2.0,1.0,7.0,454.216003418,1,324.749680996,325.244274855,328.027194977
2,6.0,23.0,9.0,4.0,2.0,1.0,2.0,487.627983093,1,336.863106012,337.390986919,338.491112947
2,6.0,23.0,10.0,4.0,2.0,1.0,-1.0,837.896108627,1,347.410096884,348.287741899,349.837652922
2,6.0,24.0,1.0,-4.0,10.0,1.0,-4.0,989.060878754,4,363.024439812,364.049917936,366.299841881
2,6.0,24.0,2.0,-4.0,10.0,2.0,10.0,371.365070343,4,373.952956915,374.378809929,376.08020401
2,6.0,24.0,3.0,-4.0,10.0,2.0,10.0,387.614011765,4,384.64952898,385.077303886,386.760524988
2,6.0,24.0,4.0,-4.0,10.0,2.0,10.0,404.726028442,4,395.363080978,395.807687998,398.406981945
2,6.0,24.0,5.0,-4.0,10.0,2.0,10.0,488.131999969,4,407.142994881,407.670862913,410.453698874
2,6.0,24.0,6.0,-4.0,10.0,2.0,10.0,420.68696022,4,418.589888811,419.051009893,420.434407949
2,6.0,24.0,7.0,-4.0,10.0,2.0,10.0,520.838022232,4,429.586467981,430.147707939,432.030999899
2,6.0,24.0,8.0,-4.0,10.0,2.0,10.0,383.691072464,4,439.533816814,439.960095882,442.428201914
2,6.0,24.0,9.0,-4.0,10.0,2.0,10.0,537.675142288,4,451.846941948,452.424876928,454.741259813
2,6.0,24.0,10.0,-4.0,10.0,2.0,10.0,534.203052521,4,462.710713863,463.288491964,465.53826189
2,7.0,25.0,1.0,10.0,-5.0,1.0,10.0,1122.55811691,2,17.0474910736,18.2001130581,20.5004401207
2,7.0,25.0,2.0,10.0,-5.0,2.0,-5.0,354.487895966,2,26.6875472069,27.0807571411,28.6136682034
2,7.0,25.0,3.0,10.0,-5.0,1.0,10.0,370.634078979,2,36.9832060337,37.3945670128,40.2607381344
2,7.0,25.0,4.0,10.0,-5.0,1.0,10.0,467.040061951,2,49.4965770245,50.0076870918,51.0410599709
2,7.0,25.0,5.0,10.0,-5.0,1.0,10.0,521.237850189,2,59.3437430859,59.9048871994,62.637804985
2,7.0,25.0,6.0,10.0,-5.0,1.0,10.0,437.916994095,2,71.1566340923,71.6511189938,74.4177420139
2,7.0,25.0,7.0,10.0,-5.0,1.0,10.0,504.073143005,2,82.6369831562,83.1814670563,85.0144970417
2,7.0,25.0,8.0,10.0,-5.0,1.0,10.0,517.075061798,2,94.2502760887,94.8114590645,96.0115280151
2,7.0,25.0,9.0,10.0,-5.0,1.0,10.0,521.525859833,2,104.314225197,104.875276089,107.491664171
2,7.0,25.0,10.0,10.0,-5.0,1.0,10.0,454.586029053,2,116.195079088,116.688601971,118.221513987
2,7.0,26.0,1.0,-7.0,-5.0,2.0,-5.0,1939.1169548,1,133.576532125,135.549897194,138.283522129
2,7.0,26.0,2.0,-7.0,-5.0,1.0,-12.0,437.540054321,1,145.653210163,146.130367994,147.380367041
2,7.0,26.0,3.0,-7.0,-5.0,2.0,-5.0,400.053977966,1,155.915385008,156.360653162,157.444190979
2,7.0,26.0,4.0,-7.0,-5.0,2.0,-5.0,537.651062012,1,166.277710199,166.857712984,169.407903194
2,7.0,26.0,5.0,-7.0,-5.0,2.0,-5.0,487.690925598,1,177.625893116,178.154435158,180.254768133
2,7.0,26.0,6.0,-7.0,-5.0,2.0,-5.0,421.048879623,1,189.389350176,189.851160049,191.517743111
2,7.0,26.0,7.0,-7.0,-5.0,2.0,-5.0,687.805175781,1,199.737025976,200.464820147,202.181472063
2,7.0,26.0,8.0,-7.0,-5.0,2.0,-5.0,533.645153046,1,209.949139118,210.528516054,212.744620085
2,7.0,26.0,9.0,-7.0,-5.0,2.0,-5.0,987.785100937,1,220.881200075,221.908634186,222.99208498
2,7.0,26.0,10.0,-7.0,-5.0,2.0,-5.0,670.784950256,1,231.36088109,232.072343111,233.221767187
2,7.0,27.0,1.0,-9.0,-17.0,1.0,-8.0,1039.39294815,3,248.071758986,249.15084815,252.01749897
2,7.0,27.0,2.0,-9.0,-17.0,2.0,-16.0,420.71390152,3,259.60395813,260.064262152,262.414690018
2,7.0,27.0,3.0,-9.0,-17.0,1.0,-12.0,387.619018555,3,270.6329422,271.061213017,273.628225088
2,7.0,27.0,4.0,-9.0,-17.0,1.0,-8.0,421.035051346,3,282.662512064,283.124544144,285.92425108
2,7.0,27.0,5.0,-9.0,-17.0,1.0,-6.0,420.980930328,3,295.377484083,295.837663174,297.954084158
2,7.0,27.0,6.0,-9.0,-17.0,1.0,-3.0,454.940080643,3,306.872637987,307.367763042,309.001019001
2,7.0,27.0,7.0,-9.0,-17.0,1.0,-12.0,504.487037659,3,316.57004118,317.11482811,319.381309032
2,7.0,27.0,8.0,-9.0,-17.0,1.0,-5.0,487.560033798,3,327.783782005,328.311783075,330.360933065
2,7.0,27.0,9.0,-9.0,-17.0,1.0,-7.0,471.354007721,3,337.847446203,338.358818054,339.942137003
2,7.0,27.0,10.0,-9.0,-17.0,1.0,-9.0,521.082162857,3,349.327761173,349.888636112,351.905569077
2,7.0,28.0,1.0,-4.0,8.0,1.0,-4.0,489.448785782,4,366.476804018,367.000660181,368.567430019
2,7.0,28.0,2.0,-4.0,8.0,2.0,8.0,420.921087265,4,376.138460159,376.597915173,379.547145128
2,7.0,28.0,3.0,-4.0,8.0,2.0,8.0,537.277936935,4,387.850077152,388.426350117,389.577780008
2,7.0,28.0,4.0,-4.0,8.0,2.0,8.0,337.471008301,4,397.931773186,398.308526039,399.641810179
2,7.0,28.0,5.0,-4.0,8.0,2.0,8.0,504.191160202,4,408.4110291,408.955378056,410.272185087
2,7.0,28.0,6.0,-4.0,8.0,2.0,8.0,538.024187088,4,418.991199017,419.569036007,422.451771021
2,7.0,28.0,7.0,-4.0,8.0,2.0,8.0,537.683010101,4,430.870766163,431.448960066,433.41556716
2,7.0,28.0,8.0,-4.0,8.0,2.0,8.0,471.181869507,4,441.468216181,441.979286194,444.678956032
2,7.0,28.0,9.0,-4.0,8.0,2.0,8.0,454.499006271,4,453.815076113,454.307546139,456.642207146
2,7.0,28.0,10.0,-4.0,8.0,2.0,8.0,787.724971771,4,464.161948204,464.989232063,466.056172132
2,8.0,29.0,1.0,-11.0,-2.0,1.0,-11.0,1405.51114082,2,17.0347499847,18.4772219658,21.044121027
2,8.0,29.0,2.0,-11.0,-2.0,2.0,-4.0,387.528896332,2,26.6483328342,27.0747280121,29.6244649887
2,8.0,29.0,3.0,-11.0,-2.0,2.0,6.0,600.446939468,2,37.4931590557,38.13824296,39.6213860512
2,8.0,29.0,4.0,-11.0,-2.0,2.0,6.0,421.10490799,2,47.4401869774,47.9021580219,49.9519808292
2,8.0,29.0,5.0,-11.0,-2.0,2.0,1.0,488.029003143,2,58.9203619957,59.4487810135,61.7324669361
2,8.0,29.0,6.0,-11.0,-2.0,2.0,-4.0,554.441928864,2,70.9168109894,71.5120699406,73.5453538895
2,8.0,29.0,7.0,-11.0,-2.0,2.0,-2.0,420.630931854,2,81.2149488926,81.6757688522,84.6253569126
2,8.0,29.0,8.0,-11.0,-2.0,2.0,-1.0,466.928958893,2,92.6614539623,93.1725559235,96.1705219746
2,8.0,29.0,9.0,-11.0,-2.0,2.0,-6.0,833.584070206,2,105.123479843,106.002235889,107.285557032
2,8.0,29.0,10.0,-11.0,-2.0,2.0,1.0,471.917152405,2,115.021585941,115.532851934,117.799309015
2,8.0,30.0,1.0,7.0,9.0,1.0,11.0,1122.07508087,3,132.286620855,133.444385052,136.428007841
2,8.0,30.0,2.0,7.0,9.0,1.0,7.0,454.355955124,3,144.264240026,144.757781029,147.357918978
2,8.0,30.0,3.0,7.0,9.0,1.0,9.0,487.288951874,3,155.243984938,155.78806901,157.605180025
2,8.0,30.0,4.0,7.0,9.0,1.0,2.0,487.931013107,3,165.339962959,165.868399858,166.918602943
2,8.0,30.0,5.0,7.0,9.0,1.0,-5.0,454.504966736,3,176.320521832,176.815414906,179.515611887
2,8.0,30.0,6.0,7.0,9.0,1.0,13.0,387.9570961,3,188.005174875,188.428665876,190.445389986
2,8.0,30.0,7.0,7.0,9.0,1.0,13.0,470.623970032,3,199.263939857,199.775465965,202.359253883
2,8.0,30.0,8.0,7.0,9.0,1.0,11.0,504.805803299,3,210.693702936,211.23890686,213.339154959
2,8.0,30.0,9.0,7.0,9.0,1.0,12.0,670.717954636,3,222.52375102,223.235304832,226.184942007
2,8.0,30.0,10.0,7.0,9.0,1.0,-1.0,585.9811306,3,234.320992947,234.948704958,236.115455866
2,8.0,31.0,1.0,3.0,-2.0,2.0,-2.0,1722.16820717,1,251.206305981,252.960264921,254.227535009
2,8.0,31.0,2.0,3.0,-2.0,1.0,2.0,367.178916931,1,261.563683033,261.974467993,263.840893984
2,8.0,31.0,3.0,3.0,-2.0,1.0,0.0,367.18916893,1,271.442882061,271.854789019,273.288195848
2,8.0,31.0,4.0,3.0,-2.0,1.0,2.0,354.005098343,1,280.957052946,281.35177803,282.768872976
2,8.0,31.0,5.0,3.0,-2.0,1.0,-1.0,421.451091766,1,292.10452199,292.565567017,294.51544404
2,8.0,31.0,6.0,3.0,-2.0,1.0,-1.0,437.735080719,1,303.234458923,303.712456942,305.512315035
2,8.0,31.0,7.0,3.0,-2.0,1.0,3.0,420.471191406,1,313.648337841,314.10895896,316.742393017
2,8.0,31.0,8.0,3.0,-2.0,1.0,7.0,389.368057251,1,324.728462934,325.156396866,327.472848892
2,8.0,31.0,9.0,3.0,-2.0,1.0,0.0,500.311136246,1,336.309383869,336.852910995,338.286309004
2,8.0,31.0,10.0,3.0,-2.0,1.0,1.0,571.19011879,1,347.288503885,347.899760962,350.231142998
2,8.0,32.0,1.0,-2.0,-8.0,1.0,-2.0,1223.17790985,4,363.837318897,365.094876051,367.077646971
2,8.0,32.0,2.0,-2.0,-8.0,2.0,-8.0,388.355016708,4,375.632474899,376.05843091,378.625251055
2,8.0,32.0,3.0,-2.0,-8.0,1.0,-2.0,404.57201004,4,386.693732023,387.138608932,389.35490489
2,8.0,32.0,4.0,-2.0,-8.0,1.0,-2.0,433.745145798,4,397.256903887,397.735468864,399.802484035
2,8.0,32.0,5.0,-2.0,-8.0,1.0,-2.0,437.839984894,4,407.620646954,408.099285841,410.164736986
2,8.0,32.0,6.0,-2.0,-8.0,1.0,-2.0,421.154022217,4,419.001801014,419.462605953,422.162209988
2,8.0,32.0,7.0,-2.0,-8.0,1.0,-2.0,504.624128342,4,430.298380852,430.842792034,432.292765856
2,8.0,32.0,8.0,-2.0,-8.0,1.0,-2.0,537.693977356,4,440.028044939,440.606617928,443.439518929
2,8.0,32.0,9.0,-2.0,-8.0,1.0,-2.0,500.347852707,4,452.242219925,452.786296844,455.019676924
2,8.0,32.0,10.0,-2.0,-8.0,1.0,-2.0,455.192089081,4,462.45578289,462.949864864,465.866377831
