runFilename,blockFilename,blockId,sd1,sd2,stimOnset,choiceDuration,leftColor,itiDuration,mu1,leftAnswer,trialId,condition,itiOffset,mu2,rightColor,subjectId,feedbackDuration,runId,isiDuration,rightAnswer,runs.thisRepN,runs.thisTrialN,runs.thisN,runs.thisIndex,blocks.thisRepN,blocks.thisTrialN,blocks.thisN,blocks.thisIndex,trials.thisRepN,trials.thisTrialN,trials.thisN,trials.thisIndex,key_resp_2.keys,key_resp_2.rt,key_resp_3.keys,key_resp_3.rt,trialStartWallTime,actualChoiceOnset,actualChoiceOffset,actualIsiOnset,responseTime,actualItiDuration,itiDriftAdjustment,actualIsiOffset,actualFeedbackOnset,actualFeedbackOffset,actualItiOnset,trialEndWallTime,actualItiOffset,reward,responseKey.keys,responseKey.corr,responseKey.rt,session,participant,frameRate,expName,triggerWallTime,date,mriMode,expStartWallTime,
,,,,,,,,,,,,,,,,,,,,,,,,,,,,,,,,,space,14.4870369434,,,,,,,,,,,,,,,,,,,,001,uep025_1,60.0190318375,uncertaintyExperiment,,2018_Aug_07_1847,scan,Tue Aug  7 18:47:02 2018,
csv/uep025_run1.csv,csv/uep025_run1_block1.csv,1,0,0,16.0,2,1,5.33901019688,5.0,5.0,1,SS,26.3271184053,12.0,7,uep025,1,1,1.98810820846,12.0,0,0,0,0,0,0,0,0,0,0,0,0,,,space,20.7812168598,Tue Aug  7 18:48:29 2018,17.0348749161,18.0551450253,18.0555999279,0.970947027206,5.28395910855,-1.08410406113,20.0717029572,20.0722100735,21.07249403,21.0727570057,Tue Aug  7 18:48:38 2018,26.3038589954,12.0,2,0,0.970947027206,001,uep025_1,60.0190318375,uncertaintyExperiment,Tue Aug  7 18:48:12 2018,2018_Aug_07_1847,scan,Tue Aug  7 18:47:02 2018,
csv/uep025_run1.csv,csv/uep025_run1_block1.csv,1,0,0,26.3271184053,2,1,6.26573601489,5.0,5.0,2,SS,38.3026122162,12.0,7,uep025,1,1,2.70975779594,12.0,0,0,0,0,0,0,0,0,0,1,1,1,,,,,Tue Aug  7 18:48:38 2018,26.306841135,27.0521929264,27.0525429249,0.704736948013,7.54075543074,-0.0202436361304,29.7851519585,29.785517931,30.7857170105,30.7858929634,Tue Aug  7 18:48:50 2018,38.3003520966,12.0,2,0,0.704736948013,001,uep025_1,60.0190318375,uncertaintyExperiment,Tue Aug  7 18:48:12 2018,2018_Aug_07_1847,scan,Tue Aug  7 18:47:02 2018,
csv/uep025_run1.csv,csv/uep025_run1_block1.csv,1,0,0,38.3026122162,2,1,6.39385910772,5.0,5.0,3,SS,49.6564672451,12.0,7,uep025,1,1,1.95999592117,12.0,0,0,0,0,0,0,0,0,0,2,2,2,,,,,Tue Aug  7 18:48:50 2018,38.3027291298,39.0983269215,39.0985639095,0.753074169159,7.59822832577,-0.0425566127932,41.0824151039,41.0828199387,42.0830209255,42.0831990242,Tue Aug  7 18:49:01 2018,49.6471469402,5.0,1,0,0.753074169159,001,uep025_1,60.0190318375,uncertaintyExperiment,Tue Aug  7 18:48:12 2018,2018_Aug_07_1847,scan,Tue Aug  7 18:47:02 2018,
csv/uep025_run1.csv,csv/uep025_run1_block1.csv,1,0,0,49.6564672451,2,1,6.81697142736,5.0,5.0,4,SS,62.2121763498,12.0,7,uep025,1,1,2.73873767736,12.0,0,0,0,0,0,0,0,0,0,3,3,3,,,,,Tue Aug  7 18:49:01 2018,49.6495521069,50.229416132,50.2297580242,0.537397146225,8.24411862313,-0.0354556580044,52.9957809448,52.9961879253,53.9963920116,53.9965920448,Tue Aug  7 18:49:14 2018,62.1935019493,12.0,2,0,0.537397146225,001,uep025_1,60.0190318375,uncertaintyExperiment,Tue Aug  7 18:48:12 2018,2018_Aug_07_1847,scan,Tue Aug  7 18:47:02 2018,
csv/uep025_run1.csv,csv/uep025_run1_block1.csv,1,0,0,62.2121763498,2,1,5.81182193188,5.0,5.0,5,SS,73.4208870523,12.0,7,uep025,1,1,2.39688877064,12.0,0,0,0,0,0,0,0,0,0,4,4,4,,,,,Tue Aug  7 18:49:14 2018,62.1959040165,62.9095869064,62.9099740982,0.670779943466,7.114529154,-0.0265128344121,65.3417029381,65.3420960903,66.3422939777,66.3424720764,Tue Aug  7 18:49:25 2018,73.4077289104,12.0,2,0,0.670779943466,001,uep025_1,60.0190318375,uncertaintyExperiment,Tue Aug  7 18:48:12 2018,2018_Aug_07_1847,scan,Tue Aug  7 18:47:02 2018,
csv/uep025_run1.csv,csv/uep025_run1_block1.csv,1,0,0,73.4208870523,2,1,6.55356603011,5.0,5.0,6,SS,84.6765063361,12.0,7,uep025,1,1,1.7020532537,12.0,0,0,0,0,0,0,0,0,0,5,5,5,,,,,Tue Aug  7 18:49:25 2018,73.4101760387,74.1723759174,74.1727190018,0.701360940933,7.80217515501,-0.0500299341711,75.9053630829,75.9057281017,76.9059269428,76.9061050415,Tue Aug  7 18:49:36 2018,84.6377220154,12.0,2,0,0.701360940933,001,uep025_1,60.0190318375,uncertaintyExperiment,Tue Aug  7 18:48:12 2018,2018_Aug_07_1847,scan,Tue Aug  7 18:47:02 2018,
csv/uep025_run1.csv,csv/uep025_run1_block1.csv,1,0,0,84.6765063361,2,1,6.10509190298,5.0,5.0,7,SS,96.505552615,12.0,7,uep025,1,1,2.72395437595,12.0,0,0,0,0,0,0,0,0,0,6,6,6,,,,,Tue Aug  7 18:49:36 2018,84.6401541233,85.3193650246,85.3197059631,0.637534141541,7.46233025088,-0.00522751055928,88.0685889721,88.0689520836,89.0691521168,89.0693290234,Tue Aug  7 18:49:48 2018,96.5013000965,12.0,2,0,0.637534141541,001,uep025_1,60.0190318375,uncertaintyExperiment,Tue Aug  7 18:48:12 2018,2018_Aug_07_1847,scan,Tue Aug  7 18:47:02 2018,
csv/uep025_run1.csv,csv/uep025_run1_block1.csv,1,0,0,96.505552615,2,1,6.70323696651,5.0,5.0,8,SS,108.228605956,12.0,7,uep025,1,1,2.01981637441,12.0,0,0,0,0,0,0,0,0,0,7,7,7,,,,,Tue Aug  7 18:49:48 2018,96.5036981106,97.3161139488,97.316464901,0.770884037018,7.89277767587,-0.039575253617,99.3654119968,99.3657939434,100.365993977,100.366172075,Tue Aug  7 18:50:00 2018,108.214514971,12.0,2,0,0.770884037018,001,uep025_1,60.0190318375,uncertaintyExperiment,Tue Aug  7 18:48:12 2018,2018_Aug_07_1847,scan,Tue Aug  7 18:47:02 2018,
csv/uep025_run1.csv,csv/uep025_run1_block1.csv,1,0,0,108.228605956,2,1,5.05851592271,5.0,5.0,9,SS,117.631900801,12.0,7,uep025,1,1,1.34477892211,12.0,0,0,0,0,0,0,0,0,0,8,8,8,,,,,Tue Aug  7 18:50:00 2018,108.217031956,108.91265893,108.913003922,0.654125928879,6.37455974678,-0.0298302470486,110.278947115,110.279310942,111.279510021,111.279685974,Tue Aug  7 18:50:09 2018,117.627051115,12.0,2,0,0.654125928879,001,uep025_1,60.0190318375,uncertaintyExperiment,Tue Aug  7 18:48:12 2018,2018_Aug_07_1847,scan,Tue Aug  7 18:47:02 2018,
csv/uep025_run1.csv,csv/uep025_run1_block1.csv,1,0,0,117.631900801,2,1,6.50231641472,5.0,5.0,10,SS,129.79000558,12.0,7,uep025,1,1,2.65578836484,12.0,0,0,0,0,0,0,0,0,0,9,9,9,,,,,Tue Aug  7 18:50:09 2018,117.62944293,118.226711988,118.227057934,0.552552938461,7.90759916396,-0.0421643122982,120.909200907,120.909569025,121.909768105,121.909948111,Tue Aug  7 18:50:21 2018,129.775056124,12.0,2,0,0.552552938461,001,uep025_1,60.0190318375,uncertaintyExperiment,Tue Aug  7 18:48:12 2018,2018_Aug_07_1847,scan,Tue Aug  7 18:47:02 2018,
csv/uep025_run1.csv,csv/uep025_run1_block1.csv,,,,,,,,,,,,,,,,,,,,0,0,0,0,0,0,0,0,,,,,,,,,,,,,,,,,,,,,,,,,,001,uep025_1,60.0190318375,uncertaintyExperiment,Tue Aug  7 18:48:12 2018,2018_Aug_07_1847,scan,Tue Aug  7 18:47:02 2018,
csv/uep025_run1.csv,csv/uep025_run1_block2.csv,2,0,4.0,135.79000558,2,2,5.81060935531,3.0,3.0,1,SR,146.842323397,20.0,0,uep025,1,1,2.24170846174,18.0,0,0,0,0,0,1,1,1,0,0,0,0,,,,,Tue Aug  7 18:50:27 2018,135.803973913,136.8716259,136.872076988,1.02120900154,6.72908392597,-0.0603164277987,139.136281967,139.136822939,140.137114048,140.13738203,Tue Aug  7 18:50:38 2018,146.81974411,18.0,2,0,1.02120900154,001,uep025_1,60.0190318375,uncertaintyExperiment,Tue Aug  7 18:48:12 2018,2018_Aug_07_1847,scan,Tue Aug  7 18:47:02 2018,
csv/uep025_run1.csv,csv/uep025_run1_block2.csv,2,0,4.0,146.842323397,2,2,5.71670289712,3.0,3.0,2,SR,157.215804413,20.0,0,uep025,1,1,1.65677811893,14.0,0,0,0,0,0,1,1,1,0,1,1,1,,,,,Tue Aug  7 18:50:38 2018,146.822705984,147.551767111,147.55211091,0.688899993896,7.0073583658,-0.0204445374183,149.235009909,149.235409021,150.235608101,150.235790014,Tue Aug  7 18:50:49 2018,157.216417074,3.0,1,0,0.688899993896,001,uep025_1,60.0190318375,uncertaintyExperiment,Tue Aug  7 18:48:12 2018,2018_Aug_07_1847,scan,Tue Aug  7 18:47:02 2018,
csv/uep025_run1.csv,csv/uep025_run1_block2.csv,2,0,4.0,157.215804413,2,2,5.67566537441,3.0,3.0,3,SR,167.994443245,20.0,0,uep025,1,1,2.10297345749,13.0,0,0,0,0,0,1,1,1,0,2,2,2,,,,,Tue Aug  7 18:50:49 2018,157.218822002,157.880445957,157.880789042,0.620835065842,7.01111872125,-0.0437115873224,160.014794111,160.015258074,161.015602112,161.015813112,Tue Aug  7 18:51:00 2018,167.980221033,13.0,2,0,0.620835065842,001,uep025_1,60.0190318375,uncertaintyExperiment,Tue Aug  7 18:48:12 2018,2018_Aug_07_1847,scan,Tue Aug  7 18:47:02 2018,
csv/uep025_run1.csv,csv/uep025_run1_block2.csv,2,0,4.0,167.994443245,2,2,5.90670403168,3.0,3.0,4,SR,178.982420453,20.0,0,uep025,1,1,2.08127317562,22.0,0,0,0,0,0,1,1,1,0,3,3,3,,,,,Tue Aug  7 18:51:00 2018,167.982949018,168.629049063,168.629390001,0.604080915451,7.27219429697,-0.0304288192603,170.743937016,170.744342089,171.744545937,171.744727135,Tue Aug  7 18:51:11 2018,178.960685015,22.0,2,0,0.604080915451,001,uep025_1,60.0190318375,uncertaintyExperiment,Tue Aug  7 18:48:12 2018,2018_Aug_07_1847,scan,Tue Aug  7 18:47:02 2018,
csv/uep025_run1.csv,csv/uep025_run1_block2.csv,2,0,4.0,178.982420453,2,2,6.14319651744,3.0,3.0,5,SR,189.256139111,20.0,0,uep025,1,1,1.13052214048,27.0,0,0,0,0,0,1,1,1,0,4,4,4,,,,,Tue Aug  7 18:51:11 2018,178.963092089,179.609481096,179.609822035,0.604108095169,7.51623195648,-0.022856465786,180.776286125,180.776691914,181.7768929,181.777070999,Tue Aug  7 18:51:21 2018,189.240809917,27.0,2,0,0.604108095169,001,uep025_1,60.0190318375,uncertaintyExperiment,Tue Aug  7 18:48:12 2018,2018_Aug_07_1847,scan,Tue Aug  7 18:47:02 2018,
csv/uep025_run1.csv,csv/uep025_run1_block2.csv,2,0,4.0,189.256139111,2,2,6.29222363,3.0,3.0,6,SR,200.020147348,20.0,0,uep025,1,1,1.4717846074,19.0,0,0,0,0,0,1,1,1,0,5,5,5,,,,,Tue Aug  7 18:51:21 2018,189.243216991,190.156352043,190.156695127,0.870785951614,7.3921058264,-0.0293318519867,191.655831099,191.656215906,192.656413078,192.656589985,Tue Aug  7 18:51:32 2018,200.00919795,19.0,2,0,0.870785951614,001,uep025_1,60.0190318375,uncertaintyExperiment,Tue Aug  7 18:48:12 2018,2018_Aug_07_1847,scan,Tue Aug  7 18:47:02 2018,
csv/uep025_run1.csv,csv/uep025_run1_block2.csv,2,0,4.0,200.020147348,2,2,5.13070131657,3.0,3.0,7,SR,210.833012345,20.0,0,uep025,1,1,2.68216368002,13.0,0,0,0,0,0,1,1,1,0,6,6,6,,,,,Tue Aug  7 18:51:32 2018,200.011610985,200.852870941,200.853217125,0.78753900528,6.29807166027,-0.0450906510253,203.568753004,203.569137096,204.569380999,204.569667101,Tue Aug  7 18:51:42 2018,210.801778078,13.0,2,0,0.78753900528,001,uep025_1,60.0190318375,uncertaintyExperiment,Tue Aug  7 18:48:12 2018,2018_Aug_07_1847,scan,Tue Aug  7 18:47:02 2018,
csv/uep025_run1.csv,csv/uep025_run1_block2.csv,2,0,4.0,210.833012345,2,2,5.2691387954,3.0,3.0,8,SR,221.767548067,20.0,0,uep025,1,1,2.66539692658,16.0,0,0,0,0,0,1,1,1,0,7,7,7,,,,,Tue Aug  7 18:51:42 2018,210.80419302,211.500127077,211.500472069,0.654262781143,6.60212205287,-0.0127539613941,214.199412107,214.199777126,215.199975014,215.200150967,Tue Aug  7 18:51:53 2018,221.748282909,16.0,2,0,0.654262781143,001,uep025_1,60.0190318375,uncertaintyExperiment,Tue Aug  7 18:48:12 2018,2018_Aug_07_1847,scan,Tue Aug  7 18:47:02 2018,
csv/uep025_run1.csv,csv/uep025_run1_block2.csv,2,0,4.0,221.767548067,2,2,5.04682881863,3.0,3.0,9,SR,232.63900129,20.0,0,uep025,1,1,2.824624405,20.0,0,0,0,0,0,1,1,1,0,8,8,8,,,,,Tue Aug  7 18:51:53 2018,221.74998498,222.563983917,222.564328909,0.770714044571,6.25048976585,-0.0256250082132,225.41298604,225.413377047,226.41357708,226.413753986,Tue Aug  7 18:52:04 2018,232.611824036,20.0,2,0,0.770714044571,001,uep025_1,60.0190318375,uncertaintyExperiment,Tue Aug  7 18:48:12 2018,2018_Aug_07_1847,scan,Tue Aug  7 18:47:02 2018,
csv/uep025_run1.csv,csv/uep025_run1_block2.csv,2,0,4.0,232.63900129,2,2,5.44152354199,3.0,3.0,10,SR,243.388555743,20.0,0,uep025,1,1,2.30803091066,21.0,0,0,0,0,0,1,1,1,0,9,9,9,,,,,Tue Aug  7 18:52:04 2018,232.613752127,233.410609961,233.410963058,0.750230073929,6.67002072943,-0.0212727386297,235.743032932,235.743335962,236.743500948,236.743648052,Tue Aug  7 18:52:15 2018,243.359452963,21.0,2,0,0.750230073929,001,uep025_1,60.0190318375,uncertaintyExperiment,Tue Aug  7 18:48:12 2018,2018_Aug_07_1847,scan,Tue Aug  7 18:47:02 2018,
csv/uep025_run1.csv,csv/uep025_run1_block2.csv,,,,,,,,,,,,,,,,,,,,0,0,0,0,0,1,1,1,,,,,,,,,,,,,,,,,,,,,,,,,,001,uep025_1,60.0190318375,uncertaintyExperiment,Tue Aug  7 18:48:12 2018,2018_Aug_07_1847,scan,Tue Aug  7 18:47:02 2018,
csv/uep025_run1.csv,csv/uep025_run1_block3.csv,3,4.0,4.0,249.388555743,2,3,5.94904599866,5.0,10.0,1,RR,259.581393343,-2.0,6,uep025,1,1,1.24379160139,1.0,0,0,0,0,0,2,2,2,0,0,0,0,,,,,Tue Aug  7 18:52:21 2018,249.379676104,250.53905797,250.539510012,1.12193584442,6.798638662,-0.0284714922323,251.805335999,251.805802107,252.806105137,252.806368113,Tue Aug  7 18:52:31 2018,259.571707964,10.0,1,0,1.12193584442,001,uep025_1,60.0190318375,uncertaintyExperiment,Tue Aug  7 18:48:12 2018,2018_Aug_07_1847,scan,Tue Aug  7 18:47:02 2018,
csv/uep025_run1.csv,csv/uep025_run1_block3.csv,3,4.0,4.0,259.581393343,2,3,6.10126568574,5.0,6.0,2,RR,270.866051176,-2.0,6,uep025,1,1,2.18339214756,-9.0,0,0,0,0,0,2,2,2,0,1,1,1,,,,,Tue Aug  7 18:52:31 2018,259.574712992,260.253087997,260.253432035,0.636995077133,7.42966711383,-0.0346034947741,262.469164133,262.469530106,263.469752073,263.46992898,Tue Aug  7 18:52:42 2018,270.851449013,-9.0,2,0,0.636995077133,001,uep025_1,60.0190318375,uncertaintyExperiment,Tue Aug  7 18:48:12 2018,2018_Aug_07_1847,scan,Tue Aug  7 18:47:02 2018,
csv/uep025_run1.csv,csv/uep025_run1_block3.csv,3,4.0,4.0,270.866051176,2,3,6.18443505933,5.0,6.0,3,RR,282.210269666,-2.0,6,uep025,1,1,2.15978343049,-0.0,0,0,0,0,0,2,2,2,0,2,2,2,,,,,Tue Aug  7 18:52:42 2018,270.853938103,271.899683952,271.900026083,1.0037689209,7.15089717373,-0.0297689647008,274.08239913,274.08276701,275.082965136,275.083141088,Tue Aug  7 18:52:54 2018,282.198390961,6.0,1,0,1.0037689209,001,uep025_1,60.0190318375,uncertaintyExperiment,Tue Aug  7 18:48:12 2018,2018_Aug_07_1847,scan,Tue Aug  7 18:47:02 2018,
csv/uep025_run1.csv,csv/uep025_run1_block3.csv,3,4.0,4.0,282.210269666,2,3,6.70182119294,5.0,6.0,4,RR,294.778405984,-2.0,6,uep025,1,1,2.86631512482,-0.0,0,0,0,0,0,2,2,2,0,3,3,3,,,,,Tue Aug  7 18:52:54 2018,282.200833082,282.946679115,282.947022915,0.703740119934,7.96567495772,-0.032406115291,285.845678091,285.846076012,286.846277952,286.846458912,Tue Aug  7 18:53:06 2018,294.761548042,6.0,1,0,0.703740119934,001,uep025_1,60.0190318375,uncertaintyExperiment,Tue Aug  7 18:48:12 2018,2018_Aug_07_1847,scan,Tue Aug  7 18:47:02 2018,
csv/uep025_run1.csv,csv/uep025_run1_block3.csv,3,4.0,4.0,294.778405984,2,3,5.62939859527,5.0,-2.0,5,RR,306.310596577,-2.0,6,uep025,1,1,2.90279199773,-0.0,0,0,0,0,0,2,2,2,0,4,4,4,,,,,Tue Aug  7 18:53:06 2018,294.763972998,295.576263905,295.576610088,0.770215034485,6.83163651868,-0.0275470421029,298.508675098,298.509041071,299.509244919,299.509426117,Tue Aug  7 18:53:18 2018,306.291795015,-2.0,1,0,0.770215034485,001,uep025_1,60.0190318375,uncertaintyExperiment,Tue Aug  7 18:48:12 2018,2018_Aug_07_1847,scan,Tue Aug  7 18:47:02 2018,
csv/uep025_run1.csv,csv/uep025_run1_block3.csv,3,4.0,4.0,306.310596577,2,3,6.12388937499,5.0,5.0,6,RR,317.193755858,-2.0,6,uep025,1,1,1.75926990626,-6.0,0,0,0,0,0,2,2,2,0,5,5,5,,,,,Tue Aug  7 18:53:18 2018,306.294250011,307.104779005,307.10513711,0.770840883255,7.32980302934,-0.0232454623951,308.889257908,308.88965106,309.889849901,309.890027046,Tue Aug  7 18:53:29 2018,317.188540936,5.0,1,0,0.770840883255,001,uep025_1,60.0190318375,uncertaintyExperiment,Tue Aug  7 18:48:12 2018,2018_Aug_07_1847,scan,Tue Aug  7 18:47:02 2018,
csv/uep025_run1.csv,csv/uep025_run1_block3.csv,3,4.0,4.0,317.193755858,2,3,4.97683174198,5.0,11.0,7,RR,327.643592541,-2.0,6,uep025,1,1,2.47300494114,-11.0,0,0,0,0,0,2,2,2,0,6,6,6,,,,,Tue Aug  7 18:53:29 2018,317.190923929,318.353214025,318.353560925,1.05410385132,5.81746965713,-0.105258233523,320.851859093,320.852224112,321.852427959,321.852611065,Tue Aug  7 18:53:39 2018,327.551491022,11.0,1,0,1.05410385132,001,uep025_1,60.0190318375,uncertaintyExperiment,Tue Aug  7 18:48:12 2018,2018_Aug_07_1847,scan,Tue Aug  7 18:47:02 2018,
csv/uep025_run1.csv,csv/uep025_run1_block3.csv,3,4.0,4.0,327.643592541,2,3,5.34721892409,5.0,2.0,8,RR,338.121762241,-2.0,6,uep025,1,1,2.13095077572,6.0,0,0,0,0,0,2,2,2,0,7,7,7,,,,,Tue Aug  7 18:53:39 2018,327.553900957,328.500270128,328.500633955,0.903871059418,6.49063741961,0.0472895549379,330.64959693,330.649971008,331.650171041,331.650350094,Tue Aug  7 18:53:50 2018,338.115852118,2.0,1,0,0.903871059418,001,uep025_1,60.0190318375,uncertaintyExperiment,Tue Aug  7 18:48:12 2018,2018_Aug_07_1847,scan,Tue Aug  7 18:47:02 2018,
csv/uep025_run1.csv,csv/uep025_run1_block3.csv,3,4.0,4.0,338.121762241,2,3,6.06248717556,5.0,6.0,9,RR,348.622877393,-2.0,6,uep025,1,1,1.43862797648,2.0,0,0,0,0,0,2,2,2,0,8,8,8,,,,,Tue Aug  7 18:53:50 2018,338.11826992,339.013948917,339.014292955,0.854038000107,7.17039634333,-0.0380528321223,340.480125904,340.480492115,341.480690956,341.480868101,Tue Aug  7 18:54:00 2018,348.596460104,6.0,1,0,0.854038000107,001,uep025_1,60.0190318375,uncertaintyExperiment,Tue Aug  7 18:48:12 2018,2018_Aug_07_1847,scan,Tue Aug  7 18:47:02 2018,
csv/uep025_run1.csv,csv/uep025_run1_block3.csv,3,4.0,4.0,348.622877393,2,3,5.96635174593,5.0,4.0,10,RR,359.028577007,-2.0,6,uep025,1,1,1.43934786804,-1.0,0,0,0,0,0,2,2,2,0,9,9,9,,,,,Tue Aug  7 18:54:00 2018,348.599020958,349.527858019,349.52820611,0.887975931168,7.06147816993,-0.0168976448339,350.99365592,350.994044065,351.994240999,351.994417906,Tue Aug  7 18:54:11 2018,359.026554108,4.0,1,0,0.887975931168,001,uep025_1,60.0190318375,uncertaintyExperiment,Tue Aug  7 18:48:12 2018,2018_Aug_07_1847,scan,Tue Aug  7 18:47:02 2018,
csv/uep025_run1.csv,csv/uep025_run1_block3.csv,,,,,,,,,,,,,,,,,,,,0,0,0,0,0,2,2,2,,,,,,,,,,,,,,,,,,,,,,,,,,001,uep025_1,60.0190318375,uncertaintyExperiment,Tue Aug  7 18:48:12 2018,2018_Aug_07_1847,scan,Tue Aug  7 18:47:02 2018,
csv/uep025_run1.csv,csv/uep025_run1_block4.csv,4,4.0,0,365.028577007,2,5,5.41105351198,-7.0,-1.0,1,RS,375.820794381,-10.0,4,uep025,1,1,2.38116386163,-10.0,0,0,0,0,0,3,3,3,0,0,0,0,,,,,Tue Aug  7 18:54:17 2018,365.04954195,366.05626297,366.056710958,0.972029924393,6.38346243951,-0.0555611480788,368.472248077,368.472712994,369.472989082,369.473248959,Tue Aug  7 18:54:27 2018,375.804208994,-10.0,2,0,0.972029924393,001,uep025_1,60.0190318375,uncertaintyExperiment,Tue Aug  7 18:48:12 2018,2018_Aug_07_1847,scan,Tue Aug  7 18:47:02 2018,
csv/uep025_run1.csv,csv/uep025_run1_block4.csv,4,4.0,0,375.820794381,2,5,5.63237380936,-7.0,-7.0,2,RS,385.544162929,-10.0,4,uep025,1,1,1.09099473876,-10.0,0,0,0,0,0,3,3,3,0,1,1,1,,,,,Tue Aug  7 18:54:27 2018,375.80794692,376.519979,376.520322084,0.670983076096,6.93328527247,-0.0281054607949,377.634618998,377.63498497,378.635183096,378.635360003,Tue Aug  7 18:54:37 2018,385.535768032,-7.0,1,0,0.670983076096,001,uep025_1,60.0190318375,uncertaintyExperiment,Tue Aug  7 18:48:12 2018,2018_Aug_07_1847,scan,Tue Aug  7 18:47:02 2018,
csv/uep025_run1.csv,csv/uep025_run1_block4.csv,4,4.0,0,385.544162929,2,5,5.64395311547,-7.0,-12.0,3,RS,395.850160095,-10.0,4,uep025,1,1,1.66204405071,-10.0,0,0,0,0,0,3,3,3,0,2,2,2,,,,,Tue Aug  7 18:54:37 2018,385.538201094,386.167133093,386.167370081,0.585918903351,7.02105590731,-0.0369783048056,387.850313902,387.850678921,388.850879908,388.851059914,Tue Aug  7 18:54:47 2018,395.832843065,-12.0,1,0,0.585918903351,001,uep025_1,60.0190318375,uncertaintyExperiment,Tue Aug  7 18:48:12 2018,2018_Aug_07_1847,scan,Tue Aug  7 18:47:02 2018,
csv/uep025_run1.csv,csv/uep025_run1_block4.csv,4,4.0,0,395.850160095,2,5,6.54890686277,-7.0,-12.0,4,RS,407.890536554,-10.0,4,uep025,1,1,2.4914695964,-10.0,0,0,0,0,0,3,3,3,0,3,3,3,,,,,Tue Aug  7 18:54:47 2018,395.835197926,396.480969906,396.481323957,0.600360870361,7.918192896,-0.030353096404,398.996160984,398.996465921,399.996627092,399.996772051,Tue Aug  7 18:54:59 2018,407.862636089,-10.0,2,0,0.600360870361,001,uep025_1,60.0190318375,uncertaintyExperiment,Tue Aug  7 18:48:12 2018,2018_Aug_07_1847,scan,Tue Aug  7 18:47:02 2018,
csv/uep025_run1.csv,csv/uep025_run1_block4.csv,4,4.0,0,407.890536554,2,5,5.25131095824,-7.0,-11.0,5,RS,418.540708013,-10.0,4,uep025,1,1,2.39886050076,-10.0,0,0,0,0,0,3,3,3,0,4,4,4,,,,,Tue Aug  7 18:54:59 2018,407.865071058,408.477596998,408.477944136,0.570868968964,6.66434659671,-0.0160953925737,410.909663916,410.910030127,411.91040206,411.91070509,Tue Aug  7 18:55:10 2018,418.525918961,-11.0,1,0,0.570868968964,001,uep025_1,60.0190318375,uncertaintyExperiment,Tue Aug  7 18:48:12 2018,2018_Aug_07_1847,scan,Tue Aug  7 18:47:02 2018,
csv/uep025_run1.csv,csv/uep025_run1_block4.csv,4,4.0,0,418.540708013,2,5,6.49800979766,-7.0,-11.0,6,RS,429.358403138,-10.0,4,uep025,1,1,1.31968532777,-10.0,0,0,0,0,0,3,3,3,0,5,5,5,,,,,Tue Aug  7 18:55:10 2018,418.528898954,419.441039085,419.441383123,0.870092868805,7.5977729006,-0.0301440282526,420.790616035,420.790980101,421.791176081,421.791353941,Tue Aug  7 18:55:21 2018,429.340034008,-11.0,1,0,0.870092868805,001,uep025_1,60.0190318375,uncertaintyExperiment,Tue Aug  7 18:48:12 2018,2018_Aug_07_1847,scan,Tue Aug  7 18:47:02 2018,
csv/uep025_run1.csv,csv/uep025_run1_block4.csv,4,4.0,0,429.358403138,2,5,5.1259114791,-7.0,-8.0,7,RS,439.504772002,-10.0,4,uep025,1,1,2.02045738491,-10.0,0,0,0,0,0,3,3,3,0,6,6,6,,,,,Tue Aug  7 18:55:21 2018,429.342551947,429.971601963,429.971946001,0.587312936783,6.51280754508,-0.0257909972433,432.020929098,432.021291971,433.021488905,433.021665096,Tue Aug  7 18:55:31 2018,439.487051964,-10.0,2,0,0.587312936783,001,uep025_1,60.0190318375,uncertaintyExperiment,Tue Aug  7 18:48:12 2018,2018_Aug_07_1847,scan,Tue Aug  7 18:47:02 2018,
csv/uep025_run1.csv,csv/uep025_run1_block4.csv,4,4.0,0,439.504772002,2,5,5.34554834617,-7.0,-0.0,8,RS,450.745133534,-10.0,4,uep025,1,1,2.89481318559,-10.0,0,0,0,0,0,3,3,3,0,7,7,7,,,,,Tue Aug  7 18:55:31 2018,439.489490032,440.150521994,440.150753021,0.618790149689,6.69986725793,-0.0268909385443,443.067178011,443.067570925,444.067775011,444.067958117,Tue Aug  7 18:55:42 2018,450.733838081,-10.0,2,0,0.618790149689,001,uep025_1,60.0190318375,uncertaintyExperiment,Tue Aug  7 18:48:12 2018,2018_Aug_07_1847,scan,Tue Aug  7 18:47:02 2018,
csv/uep025_run1.csv,csv/uep025_run1_block4.csv,4,4.0,0,450.745133534,2,5,5.56380831514,-7.0,-8.0,9,RS,462.071441423,-10.0,4,uep025,1,1,2.76249957404,-10.0,0,0,0,0,0,3,3,3,0,8,8,8,,,,,Tue Aug  7 18:55:42 2018,450.736228943,451.430454016,451.430807114,0.654153108597,6.87859488355,-0.031060322999,454.214483023,454.214846134,455.215044022,455.215220928,Tue Aug  7 18:55:54 2018,462.063874006,-10.0,2,0,0.654153108597,001,uep025_1,60.0190318375,uncertaintyExperiment,Tue Aug  7 18:48:12 2018,2018_Aug_07_1847,scan,Tue Aug  7 18:47:02 2018,
csv/uep025_run1.csv,csv/uep025_run1_block4.csv,4,4.0,0,462.071441423,2,5,6.3787475106,-7.0,-8.0,10,RS,474.0,-10.0,4,uep025,1,1,2.54981106603,-10.0,0,0,0,0,0,3,3,3,0,9,9,9,,,,,Tue Aug  7 18:55:54 2018,462.066308022,462.728698969,462.729044914,0.620552062988,7.72158580935,-0.0366096382591,465.311346054,465.311713934,466.311911106,466.312087059,Tue Aug  7 18:56:06 2018,473.977128983,-10.0,2,0,0.620552062988,001,uep025_1,60.0190318375,uncertaintyExperiment,Tue Aug  7 18:48:12 2018,2018_Aug_07_1847,scan,Tue Aug  7 18:47:02 2018,
csv/uep025_run1.csv,csv/uep025_run1_block4.csv,,,,,,,,,,,,,,,,,,,,0,0,0,0,0,3,3,3,,,,,,,,,,,,,,,,,,,,,,,,,,001,uep025_1,60.0190318375,uncertaintyExperiment,Tue Aug  7 18:48:12 2018,2018_Aug_07_1847,scan,Tue Aug  7 18:47:02 2018,
csv/uep025_run1.csv,,,,,,,,,,,,,,,,,,,,,0,0,0,0,,,,,,,,,,,,,,,,,,,,,,,,,,,,,,001,uep025_1,60.0190318375,uncertaintyExperiment,Tue Aug  7 18:48:12 2018,2018_Aug_07_1847,scan,Tue Aug  7 18:47:02 2018,
csv/uep025_run2.csv,csv/uep025_run2_block1.csv,1,4.0,4.0,16.0,2,6,6.13171928587,-0.0,4.0,1,RR,26.5322204152,6.0,7,uep025,1,2,1.40050112928,2.0,0,1,1,1,0,0,0,0,0,0,0,0,,,space,18.2001750469,Tue Aug  7 18:57:24 2018,17.0375390053,18.0302479267,18.030698061,0.9554438591,6.10156624975,-1.07470917702,19.4637069702,19.4642131329,20.4645059109,20.464771986,Tue Aug  7 18:57:34 2018,26.5123081207,4.0,1,0,0.9554438591,001,uep025_1,60.0190318375,uncertaintyExperiment,Tue Aug  7 18:57:07 2018,2018_Aug_07_1847,scan,Tue Aug  7 18:47:02 2018,
csv/uep025_run2.csv,csv/uep025_run2_block1.csv,1,4.0,4.0,26.5322204152,2,6,6.89288663818,-0.0,0.0,2,RR,39.0417665037,6.0,7,uep025,1,2,2.61665945038,2.0,0,1,1,1,0,0,0,0,0,1,1,1,,,,,Tue Aug  7 18:57:34 2018,26.5382630825,27.1939890385,27.1943569183,0.621288061142,8.23121409755,-0.0403844794836,29.8440029621,29.8444130421,30.8446140289,30.8447959423,Tue Aug  7 18:57:46 2018,39.0251619816,2.0,2,0,0.621288061142,001,uep025_1,60.0190318375,uncertaintyExperiment,Tue Aug  7 18:57:07 2018,2018_Aug_07_1847,scan,Tue Aug  7 18:47:02 2018,
csv/uep025_run2.csv,csv/uep025_run2_block1.csv,1,4.0,4.0,39.0417665037,2,6,5.05085901835,-0.0,4.0,3,RR,48.3548094333,6.0,7,uep025,1,2,1.26218391125,1.0,0,1,1,1,0,0,0,0,0,2,2,2,,,,,Tue Aug  7 18:57:46 2018,39.0286970139,39.6406080723,39.6409699917,0.566672086716,6.4521125788,-0.0320743528388,40.9235060215,40.9238700867,41.9240679741,41.924243927,Tue Aug  7 18:57:56 2018,48.3390779495,4.0,1,0,0.566672086716,001,uep025_1,60.0190318375,uncertaintyExperiment,Tue Aug  7 18:57:07 2018,2018_Aug_07_1847,scan,Tue Aug  7 18:47:02 2018,
csv/uep025_run2.csv,csv/uep025_run2_block1.csv,1,4.0,4.0,48.3548094333,2,6,6.44327623144,-0.0,-8.0,4,RR,60.4818061811,6.0,7,uep025,1,2,2.68372051636,4.0,0,1,1,1,0,0,0,0,0,3,3,3,,,,,Tue Aug  7 18:57:56 2018,48.3425281048,49.0546879768,49.0550351143,0.670830965042,7.74349162484,-0.0289536415607,51.7709591389,51.7713689804,52.771572113,52.7717499733,Tue Aug  7 18:58:08 2018,60.4688510895,-8.0,1,0,0.670830965042,001,uep025_1,60.0190318375,uncertaintyExperiment,Tue Aug  7 18:57:07 2018,2018_Aug_07_1847,scan,Tue Aug  7 18:47:02 2018,
csv/uep025_run2.csv,csv/uep025_run2_block1.csv,1,4.0,4.0,60.4818061811,2,6,6.29116708403,-0.0,-4.0,5,RR,72.6403002464,6.0,7,uep025,1,2,2.86732698125,8.0,0,1,1,1,0,0,0,0,0,4,4,4,,,,,Tue Aug  7 18:58:08 2018,60.4723389149,61.1846580505,61.1850030422,0.670569181442,7.58841225098,-0.0321856516162,64.0838251114,64.0841929913,65.0843920708,65.0845689774,Tue Aug  7 18:58:20 2018,72.6162860394,8.0,2,0,0.670569181442,001,uep025_1,60.0190318375,uncertaintyExperiment,Tue Aug  7 18:57:07 2018,2018_Aug_07_1847,scan,Tue Aug  7 18:47:02 2018,
csv/uep025_run2.csv,csv/uep025_run2_block1.csv,1,4.0,4.0,72.6403002464,2,6,6.37016907671,-0.0,4.0,6,RR,83.1354590042,6.0,7,uep025,1,2,1.12498968104,15.0,0,1,1,1,0,0,0,0,0,5,5,5,,,,,Tue Aug  7 18:58:20 2018,72.6198649406,73.2141079903,73.2144529819,0.555769920349,7.79645717712,-0.0179419792445,74.3640749454,74.3644421101,75.3646409512,75.3648180962,Tue Aug  7 18:58:31 2018,83.1299431324,15.0,2,0,0.555769920349,001,uep025_1,60.0190318375,uncertaintyExperiment,Tue Aug  7 18:57:07 2018,2018_Aug_07_1847,scan,Tue Aug  7 18:47:02 2018,
csv/uep025_run2.csv,csv/uep025_run2_block1.csv,1,4.0,4.0,83.1354590042,2,6,6.7079929759,-0.0,2.0,7,RR,94.1181371893,6.0,7,uep025,1,2,1.27468520925,1.0,0,1,1,1,0,0,0,0,0,6,6,6,,,,,Tue Aug  7 18:58:31 2018,83.133450985,83.7447290421,83.7450730801,0.569159030914,8.09881806701,-0.0400158779749,85.0443949699,85.0447580814,86.0449550152,86.0451319218,Tue Aug  7 18:58:41 2018,94.0934460163,1.0,2,0,0.569159030914,001,uep025_1,60.0190318375,uncertaintyExperiment,Tue Aug  7 18:57:07 2018,2018_Aug_07_1847,scan,Tue Aug  7 18:47:02 2018,
csv/uep025_run2.csv,csv/uep025_run2_block1.csv,1,4.0,4.0,94.1181371893,2,6,5.37451247359,-0.0,0.0,8,RR,104.822965675,6.0,7,uep025,1,2,2.3303160126,5.0,0,1,1,1,0,0,0,0,0,7,7,7,,,,,Tue Aug  7 18:58:41 2018,94.0978810787,94.641700983,94.6420469284,0.504166126251,6.8510457162,-0.0193006311344,96.9909341335,96.9913029671,97.9915010929,97.9916779995,Tue Aug  7 18:58:52 2018,104.807208061,5.0,2,0,0.504166126251,001,uep025_1,60.0190318375,uncertaintyExperiment,Tue Aug  7 18:57:07 2018,2018_Aug_07_1847,scan,Tue Aug  7 18:47:02 2018,
csv/uep025_run2.csv,csv/uep025_run2_block1.csv,1,4.0,4.0,104.822965675,2,6,6.78714222697,-0.0,-5.0,9,RR,116.122668938,6.0,7,uep025,1,2,1.5125610358,8.0,0,1,1,1,0,0,0,0,0,8,8,8,,,,,Tue Aug  7 18:58:52 2018,104.810727119,105.405425072,105.405774117,0.55420088768,8.20477795976,-0.0281633795324,106.938226938,106.93859601,107.938796997,107.938977003,Tue Aug  7 18:59:03 2018,116.103969097,8.0,2,0,0.55420088768,001,uep025_1,60.0190318375,uncertaintyExperiment,Tue Aug  7 18:57:07 2018,2018_Aug_07_1847,scan,Tue Aug  7 18:47:02 2018,
csv/uep025_run2.csv,csv/uep025_run2_block1.csv,1,4.0,4.0,116.122668938,2,6,5.91459173384,-0.0,5.0,10,RR,126.19186359,6.0,7,uep025,1,2,1.15460291777,1.0,0,1,1,1,0,0,0,0,0,9,9,9,,,,,Tue Aug  7 18:59:03 2018,116.107260942,116.851913929,116.852267981,0.703864097595,7.18544759417,-0.0252800420713,118.034937143,118.035311937,119.035653114,119.035840988,Tue Aug  7 18:59:14 2018,126.167642117,1.0,2,0,0.703864097595,001,uep025_1,60.0190318375,uncertaintyExperiment,Tue Aug  7 18:57:07 2018,2018_Aug_07_1847,scan,Tue Aug  7 18:47:02 2018,
csv/uep025_run2.csv,csv/uep025_run2_block1.csv,,,,,,,,,,,,,,,,,,,,0,1,1,1,0,0,0,0,,,,,,,,,,,,,,,,,,,,,,,,,,001,uep025_1,60.0190318375,uncertaintyExperiment,Tue Aug  7 18:57:07 2018,2018_Aug_07_1847,scan,Tue Aug  7 18:47:02 2018,
csv/uep025_run2.csv,csv/uep025_run2_block2.csv,2,4.0,0,132.19186359,2,0,5.80677149037,7.0,10.0,1,RS,143.045982028,12.0,2,uep025,1,2,2.04734694739,12.0,0,1,1,1,0,1,1,1,0,0,0,0,,,,,Tue Aug  7 18:59:20 2018,132.190787077,133.397298098,133.397748947,1.17211604118,6.60143497267,-0.0332204765181,135.479979038,135.480616093,136.480910063,136.481173038,Tue Aug  7 18:59:30 2018,143.028103113,12.0,2,0,1.17211604118,001,uep025_1,60.0190318375,uncertaintyExperiment,Tue Aug  7 18:57:07 2018,2018_Aug_07_1847,scan,Tue Aug  7 18:47:02 2018,
csv/uep025_run2.csv,csv/uep025_run2_block2.csv,2,4.0,0,143.045982028,2,0,5.17416445897,7.0,5.0,2,RS,152.262399976,12.0,2,uep025,1,2,1.0422534897,12.0,0,1,1,1,0,1,1,1,0,1,1,1,,,,,Tue Aug  7 18:59:30 2018,143.031427145,143.861170053,143.861518145,0.78889298439,6.35907156213,-0.0261999124471,144.927528143,144.927894115,145.92809391,145.928272009,Tue Aug  7 18:59:40 2018,152.260360003,5.0,1,0,0.78889298439,001,uep025_1,60.0190318375,uncertaintyExperiment,Tue Aug  7 18:57:07 2018,2018_Aug_07_1847,scan,Tue Aug  7 18:47:02 2018,
csv/uep025_run2.csv,csv/uep025_run2_block2.csv,2,4.0,0,152.262399976,2,0,6.01296180684,7.0,7.0,3,RS,163.476391025,12.0,2,uep025,1,2,2.20102924228,12.0,0,1,1,1,0,1,1,1,0,2,2,2,,,,,Tue Aug  7 18:59:40 2018,152.264014959,153.041795969,153.042165041,0.737695932388,7.23366380417,-0.041602070281,155.27444005,155.274805069,156.275027037,156.27520299,Tue Aug  7 18:59:51 2018,163.457121134,7.0,1,0,0.737695932388,001,uep025_1,60.0190318375,uncertaintyExperiment,Tue Aug  7 18:57:07 2018,2018_Aug_07_1847,scan,Tue Aug  7 18:47:02 2018,
csv/uep025_run2.csv,csv/uep025_run2_block2.csv,2,4.0,0,163.476391025,2,0,6.53156856409,7.0,5.0,4,RS,175.688840454,12.0,2,uep025,1,2,2.68088086402,12.0,0,1,1,1,0,1,1,1,0,3,3,3,,,,,Tue Aug  7 18:59:51 2018,163.460685015,164.15525198,164.155597925,0.651846885681,7.85280345396,-0.0269182244546,166.870926142,166.871289968,167.871489048,167.8716681,Tue Aug  7 19:00:03 2018,175.670311928,12.0,2,0,0.651846885681,001,uep025_1,60.0190318375,uncertaintyExperiment,Tue Aug  7 18:57:07 2018,2018_Aug_07_1847,scan,Tue Aug  7 18:47:02 2018,
csv/uep025_run2.csv,csv/uep025_run2_block2.csv,2,4.0,0,175.688840454,2,0,6.22691468806,7.0,8.0,5,RS,187.307272356,12.0,2,uep025,1,2,2.39151721454,12.0,0,1,1,1,0,1,1,1,0,4,4,4,,,,,Tue Aug  7 19:00:03 2018,175.673828125,176.318162918,176.31853199,0.603973865509,7.59769522033,-0.0252456022207,178.734364033,178.734731913,179.734934092,179.735111952,Tue Aug  7 19:00:15 2018,187.300571918,12.0,2,0,0.603973865509,001,uep025_1,60.0190318375,uncertaintyExperiment,Tue Aug  7 18:57:07 2018,2018_Aug_07_1847,scan,Tue Aug  7 18:47:02 2018,
csv/uep025_run2.csv,csv/uep025_run2_block2.csv,2,4.0,0,187.307272356,2,0,6.50309808642,7.0,8.0,6,RS,198.17865178,12.0,2,uep025,1,2,1.36828133701,12.0,0,1,1,1,0,1,1,1,0,5,5,5,,,,,Tue Aug  7 19:00:15 2018,187.304486036,188.115368128,188.115710974,0.754040002823,7.69509935108,-0.0539587325102,189.514918089,189.515280008,190.515476942,190.515653133,Tue Aug  7 19:00:26 2018,198.147268057,12.0,2,0,0.754040002823,001,uep025_1,60.0190318375,uncertaintyExperiment,Tue Aug  7 18:57:07 2018,2018_Aug_07_1847,scan,Tue Aug  7 18:47:02 2018,
csv/uep025_run2.csv,csv/uep025_run2_block2.csv,2,4.0,0,198.17865178,2,0,5.28745538039,7.0,4.0,7,RS,207.532664633,12.0,2,uep025,1,2,1.06655747336,12.0,0,1,1,1,0,1,1,1,0,6,6,6,,,,,Tue Aug  7 19:00:26 2018,198.150778055,198.878817081,198.879171133,0.683770895004,6.58739808211,-0.0162864032778,199.978454113,199.978824139,200.97902298,200.979201078,Tue Aug  7 19:00:35 2018,207.510550022,12.0,2,0,0.683770895004,001,uep025_1,60.0190318375,uncertaintyExperiment,Tue Aug  7 18:57:07 2018,2018_Aug_07_1847,scan,Tue Aug  7 18:47:02 2018,
csv/uep025_run2.csv,csv/uep025_run2_block2.csv,2,4.0,0,207.532664633,2,0,6.89702313739,7.0,10.0,8,RS,218.619964398,12.0,2,uep025,1,2,1.19027662727,12.0,0,1,1,1,0,1,1,1,0,7,7,7,,,,,Tue Aug  7 19:00:35 2018,207.514014006,208.126641035,208.127015114,0.570837974548,8.30316785225,-0.0230173105918,209.342297077,209.342796087,210.343122959,210.343425989,Tue Aug  7 19:00:46 2018,218.591372967,12.0,2,0,0.570837974548,001,uep025_1,60.0190318375,uncertaintyExperiment,Tue Aug  7 18:57:07 2018,2018_Aug_07_1847,scan,Tue Aug  7 18:47:02 2018,
csv/uep025_run2.csv,csv/uep025_run2_block2.csv,2,4.0,0,218.619964398,2,0,5.52175344574,7.0,4.0,9,RS,230.112077373,12.0,2,uep025,1,2,2.970359529,12.0,0,1,1,1,0,1,1,1,0,8,8,8,,,,,Tue Aug  7 19:00:46 2018,218.594900131,219.272987127,219.273333073,0.637625932693,6.86882679908,-0.0153007139609,222.272006989,222.272372961,223.272570133,223.272750139,Tue Aug  7 19:00:57 2018,230.088407993,12.0,2,0,0.637625932693,001,uep025_1,60.0190318375,uncertaintyExperiment,Tue Aug  7 18:57:07 2018,2018_Aug_07_1847,scan,Tue Aug  7 18:47:02 2018,
csv/uep025_run2.csv,csv/uep025_run2_block2.csv,2,4.0,0,230.112077373,2,0,6.10933390233,7.0,10.0,10,RS,241.696430777,12.0,2,uep025,1,2,2.47501950227,12.0,0,1,1,1,0,1,1,1,0,9,9,9,,,,,Tue Aug  7 19:00:57 2018,230.0917871,230.936558008,230.936903954,0.804192066193,7.2849503032,-0.0201915329394,233.435719967,233.436093092,234.436290026,234.436466932,Tue Aug  7 19:01:09 2018,241.68483901,12.0,2,0,0.804192066193,001,uep025_1,60.0190318375,uncertaintyExperiment,Tue Aug  7 18:57:07 2018,2018_Aug_07_1847,scan,Tue Aug  7 18:47:02 2018,
csv/uep025_run2.csv,csv/uep025_run2_block2.csv,,,,,,,,,,,,,,,,,,,,0,1,1,1,0,1,1,1,,,,,,,,,,,,,,,,,,,,,,,,,,001,uep025_1,60.0190318375,uncertaintyExperiment,Tue Aug  7 18:57:07 2018,2018_Aug_07_1847,scan,Tue Aug  7 18:47:02 2018,
csv/uep025_run2.csv,csv/uep025_run2_block3.csv,3,0,4.0,247.696430777,2,5,6.46223609346,-0.0,-0.0,1,SR,260.079424732,-2.0,4,uep025,1,2,2.92075786138,-1.0,0,1,1,1,0,2,2,2,0,0,0,0,,,,,Tue Aug  7 19:01:15 2018,247.705924988,248.714590073,248.715040922,0.972292900085,7.44417383449,-0.0457693588841,251.664164066,251.664674997,252.664960146,252.665225029,Tue Aug  7 19:01:27 2018,260.079105139,-1.0,2,0,0.972292900085,001,uep025_1,60.0190318375,uncertaintyExperiment,Tue Aug  7 18:57:07 2018,2018_Aug_07_1847,scan,Tue Aug  7 18:47:02 2018,
csv/uep025_run2.csv,csv/uep025_run2_block3.csv,3,0,4.0,260.079424732,2,5,5.46058336946,-0.0,-0.0,2,SR,269.665216498,-2.0,4,uep025,1,2,1.12520839597,-1.0,0,1,1,1,0,2,2,2,0,1,1,1,,,,,Tue Aug  7 19:01:27 2018,260.084001064,261.076122999,261.076466084,0.953985929489,6.46398309244,-0.0426143475291,262.227787018,262.228191137,263.228393078,263.22857213,Tue Aug  7 19:01:37 2018,269.659451008,-0.0,1,0,0.953985929489,001,uep025_1,60.0190318375,uncertaintyExperiment,Tue Aug  7 18:57:07 2018,2018_Aug_07_1847,scan,Tue Aug  7 18:47:02 2018,
csv/uep025_run2.csv,csv/uep025_run2_block3.csv,3,0,4.0,269.665216498,2,5,5.93570340843,-0.0,-0.0,3,SR,281.006688865,-2.0,4,uep025,1,2,2.40576895868,-2.0,0,1,1,1,0,2,2,2,0,2,2,2,,,,,Tue Aug  7 19:01:37 2018,269.66301012,270.408487082,270.408833027,0.704128980637,7.19252890716,-0.0390455206315,272.841622114,272.842026949,273.842330933,273.842554092,Tue Aug  7 19:01:48 2018,280.989727974,-0.0,1,0,0.704128980637,001,uep025_1,60.0190318375,uncertaintyExperiment,Tue Aug  7 18:57:07 2018,2018_Aug_07_1847,scan,Tue Aug  7 18:47:02 2018,
csv/uep025_run2.csv,csv/uep025_run2_block3.csv,3,0,4.0,281.006688865,2,5,6.88831190194,-0.0,-0.0,4,SR,293.245830182,-2.0,4,uep025,1,2,2.35082941543,-14.0,0,1,1,1,0,2,2,2,0,3,3,3,,,,,Tue Aug  7 19:01:48 2018,280.993257999,281.805130959,281.805480957,0.77087688446,8.08996565233,-0.0274693651451,284.187077045,284.187401056,285.187523127,285.18762207,Tue Aug  7 19:02:01 2018,293.218745947,-14.0,2,0,0.77087688446,001,uep025_1,60.0190318375,uncertaintyExperiment,Tue Aug  7 18:57:07 2018,2018_Aug_07_1847,scan,Tue Aug  7 18:47:02 2018,
csv/uep025_run2.csv,csv/uep025_run2_block3.csv,3,0,4.0,293.245830182,2,5,5.22577047046,-0.0,-0.0,5,SR,303.876620575,-2.0,4,uep025,1,2,2.40501992281,-6.0,0,1,1,1,0,2,2,2,0,4,4,4,,,,,Tue Aug  7 19:02:01 2018,293.221861124,293.950134993,293.950489998,0.68746304512,6.5215617426,-0.016745682737,296.383835077,296.384249926,297.384591103,297.384788036,Tue Aug  7 19:02:11 2018,303.849810123,-0.0,1,0,0.68746304512,001,uep025_1,60.0190318375,uncertaintyExperiment,Tue Aug  7 18:57:07 2018,2018_Aug_07_1847,scan,Tue Aug  7 18:47:02 2018,
csv/uep025_run2.csv,csv/uep025_run2_block3.csv,3,0,4.0,303.876620575,2,5,5.87311636931,-0.0,-0.0,6,SR,315.455924793,-2.0,4,uep025,1,2,2.70618784855,-11.0,0,1,1,1,0,2,2,2,0,5,5,5,,,,,Tue Aug  7 19:02:11 2018,303.853230953,304.530523062,304.530725002,0.636140108109,7.21927801748,-0.0176982437279,307.26496911,307.265377998,308.265582085,308.265762091,Tue Aug  7 19:02:23 2018,315.429929018,-0.0,1,0,0.636140108109,001,uep025_1,60.0190318375,uncertaintyExperiment,Tue Aug  7 18:57:07 2018,2018_Aug_07_1847,scan,Tue Aug  7 18:47:02 2018,
csv/uep025_run2.csv,csv/uep025_run2_block3.csv,3,0,4.0,315.455924793,2,5,5.41192094037,-0.0,-0.0,7,SR,326.181320716,-2.0,4,uep025,1,2,2.31347498203,-5.0,0,1,1,1,0,2,2,2,0,6,6,6,,,,,Tue Aug  7 19:02:23 2018,315.433567047,316.162292957,316.162641048,0.683886051178,6.70564766684,-0.0223872223495,318.495211124,318.495635986,319.495837927,319.496017933,Tue Aug  7 19:02:34 2018,326.160284996,-0.0,1,0,0.683886051178,001,uep025_1,60.0190318375,uncertaintyExperiment,Tue Aug  7 18:57:07 2018,2018_Aug_07_1847,scan,Tue Aug  7 18:47:02 2018,
csv/uep025_run2.csv,csv/uep025_run2_block3.csv,3,0,4.0,326.181320716,2,5,6.72289632237,-0.0,-0.0,8,SR,337.356750793,-2.0,4,uep025,1,2,1.45253375535,5.0,0,1,1,1,0,2,2,2,0,7,7,7,,,,,Tue Aug  7 19:02:34 2018,326.163748026,326.825699091,326.826044083,0.620540857315,8.07861903647,-0.0237364285867,328.308990955,328.30952692,329.309742928,329.309932947,Tue Aug  7 19:02:45 2018,337.340285063,-0.0,1,0,0.620540857315,001,uep025_1,60.0190318375,uncertaintyExperiment,Tue Aug  7 18:57:07 2018,2018_Aug_07_1847,scan,Tue Aug  7 18:47:02 2018,
csv/uep025_run2.csv,csv/uep025_run2_block3.csv,3,0,4.0,337.356750793,2,5,5.99122261983,-0.0,-0.0,9,SR,347.829521602,-2.0,4,uep025,1,2,1.48154818871,5.0,0,1,1,1,0,2,2,2,0,8,8,8,,,,,Tue Aug  7 19:02:45 2018,337.343780041,338.155817032,338.156162024,0.77078795433,7.19225341763,-0.0281812478679,339.671905041,339.672267914,340.672467947,340.672644138,Tue Aug  7 19:02:55 2018,347.82071209,-0.0,1,0,0.77078795433,001,uep025_1,60.0190318375,uncertaintyExperiment,Tue Aug  7 18:57:07 2018,2018_Aug_07_1847,scan,Tue Aug  7 18:47:02 2018,
csv/uep025_run2.csv,csv/uep025_run2_block3.csv,3,0,4.0,347.829521602,2,5,6.6055499694,-0.0,-0.0,10,SR,358.77088469,-2.0,4,uep025,1,2,1.33581311848,-1.0,0,1,1,1,0,2,2,2,0,9,9,9,,,,,Tue Aug  7 19:02:55 2018,347.824370146,348.536149979,348.536497116,0.672163963318,7.89901743686,-0.0343685692199,349.902452946,349.902817965,350.903018951,350.90319705,Tue Aug  7 19:03:06 2018,358.751842022,-0.0,1,0,0.672163963318,001,uep025_1,60.0190318375,uncertaintyExperiment,Tue Aug  7 18:57:07 2018,2018_Aug_07_1847,scan,Tue Aug  7 18:47:02 2018,
csv/uep025_run2.csv,csv/uep025_run2_block3.csv,,,,,,,,,,,,,,,,,,,,0,1,1,1,0,2,2,2,,,,,,,,,,,,,,,,,,,,,,,,,,001,uep025_1,60.0190318375,uncertaintyExperiment,Tue Aug  7 18:57:07 2018,2018_Aug_07_1847,scan,Tue Aug  7 18:47:02 2018,
csv/uep025_run2.csv,csv/uep025_run2_block4.csv,4,0,0,364.77088469,2,1,6.78608181022,-5.0,-5.0,1,SS,376.085048783,23.0,3,uep025,1,2,1.52808228318,23.0,0,1,1,1,0,3,3,3,0,0,0,0,,,,,Tue Aug  7 19:03:12 2018,364.774105072,365.897953987,365.898407936,1.08475708961,7.65910740341,-0.0422173172022,367.446267128,367.446598053,368.446809053,368.44699502,Tue Aug  7 19:03:23 2018,376.079446077,23.0,2,0,1.08475708961,001,uep025_1,60.0190318375,uncertaintyExperiment,Tue Aug  7 18:57:07 2018,2018_Aug_07_1847,scan,Tue Aug  7 18:47:02 2018,
csv/uep025_run2.csv,csv/uep025_run2_block4.csv,4,0,0,376.085048783,2,1,5.25422546553,-5.0,-5.0,2,SS,385.418792209,23.0,3,uep025,1,2,1.07951796041,23.0,0,1,1,1,0,3,3,3,0,1,1,1,,,,,Tue Aug  7 19:03:23 2018,376.084350109,376.844697952,376.845044136,0.720860004425,6.49467118697,-0.0386942741357,377.944453001,377.944818974,378.945018053,378.945198059,Tue Aug  7 19:03:33 2018,385.409937143,-5.0,1,0,0.720860004425,001,uep025_1,60.0190318375,uncertaintyExperiment,Tue Aug  7 18:57:07 2018,2018_Aug_07_1847,scan,Tue Aug  7 18:47:02 2018,
csv/uep025_run2.csv,csv/uep025_run2_block4.csv,4,0,0,385.418792209,2,1,6.0224929253,-5.0,-5.0,3,SS,396.289683794,23.0,3,uep025,1,2,1.84839865973,23.0,0,1,1,1,0,3,3,3,0,2,2,2,,,,,Tue Aug  7 19:03:33 2018,385.413460016,386.025298119,386.025640965,0.554302215576,7.41608309845,-0.0521076112687,387.908280134,387.90864706,388.908848047,388.909028053,Tue Aug  7 19:03:44 2018,396.257092953,23.0,2,0,0.554302215576,001,uep025_1,60.0190318375,uncertaintyExperiment,Tue Aug  7 18:57:07 2018,2018_Aug_07_1847,scan,Tue Aug  7 18:47:02 2018,
csv/uep025_run2.csv,csv/uep025_run2_block4.csv,4,0,0,396.289683794,2,1,6.65014916281,-5.0,-5.0,4,SS,407.06732142,23.0,3,uep025,1,2,1.12748846295,23.0,0,1,1,1,0,3,3,3,0,3,3,3,,,,,Tue Aug  7 19:03:44 2018,396.260668039,396.889001131,396.889348984,0.587473154068,8.0509288622,-0.011747146543,398.039021015,398.039386988,399.039585114,399.03976202,Tue Aug  7 19:03:54 2018,407.053830147,23.0,2,0,0.587473154068,001,uep025_1,60.0190318375,uncertaintyExperiment,Tue Aug  7 18:57:07 2018,2018_Aug_07_1847,scan,Tue Aug  7 18:47:02 2018,
csv/uep025_run2.csv,csv/uep025_run2_block4.csv,4,0,0,407.06732142,2,1,5.6341940094,-5.0,-5.0,5,SS,418.276849462,23.0,3,uep025,1,2,2.57533403297,23.0,0,1,1,1,0,3,3,3,0,4,4,4,,,,,Tue Aug  7 19:03:54 2018,407.057404995,407.83605814,407.836403131,0.737958192825,6.86555337214,-0.0306824444342,410.435676098,410.436085939,411.436288118,411.436464071,Tue Aug  7 19:04:06 2018,418.267241955,23.0,2,0,0.737958192825,001,uep025_1,60.0190318375,uncertaintyExperiment,Tue Aug  7 18:57:07 2018,2018_Aug_07_1847,scan,Tue Aug  7 18:47:02 2018,
csv/uep025_run2.csv,csv/uep025_run2_block4.csv,4,0,0,418.276849462,2,1,5.03580327644,-5.0,-5.0,6,SS,427.653313845,23.0,3,uep025,1,2,1.34066110625,23.0,0,1,1,1,0,3,3,3,0,5,5,5,,,,,Tue Aug  7 19:04:06 2018,418.270792961,418.999083996,418.99942708,0.686022996902,6.31366363345,-0.0361166460946,420.366157055,420.366564989,421.36676693,421.366946936,Tue Aug  7 19:04:15 2018,427.631312132,23.0,2,0,0.686022996902,001,uep025_1,60.0190318375,uncertaintyExperiment,Tue Aug  7 18:57:07 2018,2018_Aug_07_1847,scan,Tue Aug  7 18:47:02 2018,
csv/uep025_run2.csv,csv/uep025_run2_block4.csv,4,0,0,427.653313845,2,1,6.9616650901,-5.0,-5.0,7,SS,439.488613776,23.0,3,uep025,1,2,1.8736348408,23.0,0,1,1,1,0,3,3,3,0,6,6,6,,,,,Tue Aug  7 19:04:15 2018,427.634836912,428.313308001,428.313652039,0.635823011398,8.30176582505,-0.0240762536512,430.213426113,430.213834047,431.214035034,431.214213133,Tue Aug  7 19:04:27 2018,439.461199045,23.0,2,0,0.635823011398,001,uep025_1,60.0190318375,uncertaintyExperiment,Tue Aug  7 18:57:07 2018,2018_Aug_07_1847,scan,Tue Aug  7 18:47:02 2018,
csv/uep025_run2.csv,csv/uep025_run2_block4.csv,4,0,0,439.488613776,2,1,5.68161335263,-5.0,-5.0,8,SS,451.13272856,23.0,3,uep025,1,2,2.96250143117,23.0,0,1,1,1,0,3,3,3,0,7,7,7,,,,,Tue Aug  7 19:04:27 2018,439.464725971,440.127218008,440.127586126,0.620828866959,7.04312999862,-0.0176544870465,443.108818054,443.109314919,444.109504938,444.109805107,Tue Aug  7 19:04:39 2018,451.125350952,23.0,2,0,0.620828866959,001,uep025_1,60.0190318375,uncertaintyExperiment,Tue Aug  7 18:57:07 2018,2018_Aug_07_1847,scan,Tue Aug  7 18:47:02 2018,
csv/uep025_run2.csv,csv/uep025_run2_block4.csv,4,0,0,451.13272856,2,1,6.02440363572,-5.0,-5.0,9,SS,463.144630361,23.0,3,uep025,1,2,2.98749816576,23.0,0,1,1,1,0,3,3,3,0,8,8,8,,,,,Tue Aug  7 19:04:39 2018,451.128890991,452.038459063,452.038804054,0.870764970779,7.11877016912,-0.0348684958202,455.055802107,455.056169987,456.056369066,456.056546926,Tue Aug  7 19:04:51 2018,463.121901989,23.0,2,0,0.870764970779,001,uep025_1,60.0190318375,uncertaintyExperiment,Tue Aug  7 18:57:07 2018,2018_Aug_07_1847,scan,Tue Aug  7 18:47:02 2018,
csv/uep025_run2.csv,csv/uep025_run2_block4.csv,4,0,0,463.144630361,2,1,6.54883169342,-5.0,-5.0,10,SS,474.0,23.0,3,uep025,1,2,1.30653794549,23.0,0,1,1,1,0,3,3,3,0,9,9,9,,,,,Tue Aug  7 19:04:51 2018,463.125435114,464.051743984,464.052088976,0.88773393631,7.64181510665,-0.0192826504567,465.386284113,465.386650085,466.386848927,466.387028933,Tue Aug  7 19:05:01 2018,474.006011963,23.0,2,0,0.88773393631,001,uep025_1,60.0190318375,uncertaintyExperiment,Tue Aug  7 18:57:07 2018,2018_Aug_07_1847,scan,Tue Aug  7 18:47:02 2018,
csv/uep025_run2.csv,csv/uep025_run2_block4.csv,,,,,,,,,,,,,,,,,,,,0,1,1,1,0,3,3,3,,,,,,,,,,,,,,,,,,,,,,,,,,001,uep025_1,60.0190318375,uncertaintyExperiment,Tue Aug  7 18:57:07 2018,2018_Aug_07_1847,scan,Tue Aug  7 18:47:02 2018,
csv/uep025_run2.csv,,,,,,,,,,,,,,,,,,,,,0,1,1,1,,,,,,,,,,,,,,,,,,,,,,,,,,,,,,001,uep025_1,60.0190318375,uncertaintyExperiment,Tue Aug  7 18:57:07 2018,2018_Aug_07_1847,scan,Tue Aug  7 18:47:02 2018,
csv/uep025_run3.csv,csv/uep025_run3_block1.csv,1,0,4.0,16.0,2,6,5.4929743191,-6.0,-6.0,1,SR,25.6390519614,1.0,7,uep025,1,3,1.14607764235,-6.0,0,2,2,2,0,0,0,0,0,0,0,0,,,space,17.8158490658,Tue Aug  7 19:06:20 2018,17.0282258987,18.3066239357,18.3070790768,1.23861289024,5.18644741976,-1.06791400909,19.4729349613,19.4734060764,20.4736881256,20.4739480019,Tue Aug  7 19:06:28 2018,25.6223509312,-6.0,1,0,1.23861289024,001,uep025_1,60.0190318375,uncertaintyExperiment,Tue Aug  7 19:06:03 2018,2018_Aug_07_1847,scan,Tue Aug  7 18:47:02 2018,
csv/uep025_run3.csv,csv/uep025_run3_block1.csv,1,0,4.0,25.6390519614,2,6,6.54201466249,-6.0,-6.0,2,SR,36.8004033738,1.0,7,uep025,1,3,1.61933674986,-8.0,0,2,2,2,0,0,0,0,0,1,1,1,,,,,Tue Aug  7 19:06:28 2018,25.6277360916,26.2877519131,26.2881000042,0.617012023926,7.89340960146,-0.0315930371037,27.9373140335,27.937680006,28.9378809929,28.9380609989,Tue Aug  7 19:06:40 2018,36.7859110832,-8.0,2,0,0.617012023926,001,uep025_1,60.0190318375,uncertaintyExperiment,Tue Aug  7 19:06:03 2018,2018_Aug_07_1847,scan,Tue Aug  7 18:47:02 2018,
csv/uep025_run3.csv,csv/uep025_run3_block1.csv,1,0,4.0,36.8004033738,2,6,6.86251438922,-6.0,-6.0,3,SR,48.7527206926,1.0,7,uep025,1,3,2.08980292958,6.0,0,2,2,2,0,0,0,0,0,2,2,2,,,,,Tue Aug  7 19:06:40 2018,36.7895579338,37.4845530987,37.4849150181,0.654855966568,8.17846074703,-0.0291976756263,39.6006729603,39.6010420322,40.6012399197,40.6014199257,Tue Aug  7 19:06:52 2018,48.7496421337,6.0,2,0,0.654855966568,001,uep025_1,60.0190318375,uncertaintyExperiment,Tue Aug  7 19:06:03 2018,2018_Aug_07_1847,scan,Tue Aug  7 18:47:02 2018,
csv/uep025_run3.csv,csv/uep025_run3_block1.csv,1,0,4.0,48.7527206926,2,6,6.01172921494,-6.0,-6.0,4,SR,60.6520340527,1.0,7,uep025,1,3,2.88758414518,2.0,0,2,2,2,0,0,0,0,0,3,3,3,,,,,Tue Aug  7 19:06:52 2018,48.7554309368,49.5478169918,49.5481641293,0.754284143448,7.21672899843,-0.0407160730681,52.4636149406,52.4639821053,53.4641830921,53.4643609524,Tue Aug  7 19:07:03 2018,60.646337986,2.0,2,0,0.754284143448,001,uep025_1,60.0190318375,uncertaintyExperiment,Tue Aug  7 19:06:03 2018,2018_Aug_07_1847,scan,Tue Aug  7 18:47:02 2018,
csv/uep025_run3.csv,csv/uep025_run3_block1.csv,1,0,4.0,60.6520340527,2,6,7.00278720634,-6.0,-6.0,5,SR,72.7172698198,1.0,7,uep025,1,3,2.06244856073,10.0,0,2,2,2,0,0,0,0,0,4,4,4,,,,,Tue Aug  7 19:07:03 2018,60.6499300003,61.5110440254,61.5113871098,0.817054033279,8.14387117057,-0.041862002493,63.6102190018,63.6105830669,64.6107831001,64.6109600067,Tue Aug  7 19:07:16 2018,72.7096660137,10.0,2,0,0.817054033279,001,uep025_1,60.0190318375,uncertaintyExperiment,Tue Aug  7 19:06:03 2018,2018_Aug_07_1847,scan,Tue Aug  7 18:47:02 2018,
csv/uep025_run3.csv,csv/uep025_run3_block1.csv,1,0,4.0,72.7172698198,2,6,5.8082689894,-6.0,-6.0,6,SR,83.7070657691,1.0,7,uep025,1,3,2.18152695995,-5.0,0,2,2,2,0,0,0,0,0,5,5,5,,,,,Tue Aug  7 19:07:16 2018,72.7153959274,73.4728291035,73.4731929302,0.704291820526,7.05281270255,-0.0511644663229,75.6903650761,75.6907470226,76.69094491,76.6911220551,Tue Aug  7 19:07:26 2018,83.6730670929,-5.0,2,0,0.704291820526,001,uep025_1,60.0190318375,uncertaintyExperiment,Tue Aug  7 19:06:03 2018,2018_Aug_07_1847,scan,Tue Aug  7 18:47:02 2018,
csv/uep025_run3.csv,csv/uep025_run3_block1.csv,1,0,4.0,83.7070657691,2,6,5.36673741877,-6.0,-6.0,7,SR,94.7359716346,1.0,7,uep025,1,3,2.66216844669,3.0,0,2,2,2,0,0,0,0,0,6,6,6,,,,,Tue Aug  7 19:07:26 2018,83.6768939495,84.5539710522,84.5543251038,0.837411880493,6.51993107946,-0.00939445881725,87.237044096,87.2374079227,88.2376060486,88.2377860546,Tue Aug  7 19:07:38 2018,94.7199249268,3.0,2,0,0.837411880493,001,uep025_1,60.0190318375,uncertaintyExperiment,Tue Aug  7 19:06:03 2018,2018_Aug_07_1847,scan,Tue Aug  7 18:47:02 2018,
csv/uep025_run3.csv,csv/uep025_run3_block1.csv,1,0,4.0,94.7359716346,2,6,6.09170154049,-6.0,-6.0,8,SR,105.622287837,1.0,7,uep025,1,3,1.79461466177,-2.0,0,2,2,2,0,0,0,0,0,7,7,7,,,,,Tue Aug  7 19:07:38 2018,94.723304987,95.3679249287,95.3682720661,0.600383996964,7.45984719014,-0.0314703533793,97.1841881275,97.1845541,98.1847541332,98.1849310398,Tue Aug  7 19:07:48 2018,105.616514921,-2.0,2,0,0.600383996964,001,uep025_1,60.0190318375,uncertaintyExperiment,Tue Aug  7 19:06:03 2018,2018_Aug_07_1847,scan,Tue Aug  7 18:47:02 2018,
csv/uep025_run3.csv,csv/uep025_run3_block1.csv,1,0,4.0,105.622287837,2,6,6.82158837684,-6.0,-6.0,9,SR,118.299516116,1.0,7,uep025,1,3,2.855639902,-6.0,0,2,2,2,0,0,0,0,0,8,8,8,,,,,Tue Aug  7 19:07:48 2018,105.620090008,106.348319054,106.348666906,0.687031984329,8.09565228907,-0.0389041034439,109.230806112,109.231169939,110.231369019,110.231544971,Tue Aug  7 19:08:01 2018,118.280062914,-6.0,2,0,0.687031984329,001,uep025_1,60.0190318375,uncertaintyExperiment,Tue Aug  7 19:06:03 2018,2018_Aug_07_1847,scan,Tue Aug  7 18:47:02 2018,
csv/uep025_run3.csv,csv/uep025_run3_block1.csv,1,0,4.0,118.299516116,2,6,5.42274250149,-6.0,-6.0,10,SR,128.741968027,1.0,7,uep025,1,3,2.01970941012,6.0,0,2,2,2,0,0,0,0,0,9,9,9,,,,,Tue Aug  7 19:08:01 2018,118.283669949,118.944875956,118.945245981,0.620783090591,6.77748470477,-0.0244747061334,120.994156122,120.994543076,121.994740963,121.994919062,Tue Aug  7 19:08:12 2018,128.726951122,6.0,2,0,0.620783090591,001,uep025_1,60.0190318375,uncertaintyExperiment,Tue Aug  7 19:06:03 2018,2018_Aug_07_1847,scan,Tue Aug  7 18:47:02 2018,
csv/uep025_run3.csv,csv/uep025_run3_block1.csv,,,,,,,,,,,,,,,,,,,,0,2,2,2,0,0,0,0,,,,,,,,,,,,,,,,,,,,,,,,,,001,uep025_1,60.0190318375,uncertaintyExperiment,Tue Aug  7 19:06:03 2018,2018_Aug_07_1847,scan,Tue Aug  7 18:47:02 2018,
csv/uep025_run3.csv,csv/uep025_run3_block2.csv,2,0,0,134.741968027,2,4,5.03352423781,-11.0,-11.0,1,SS,143.978709365,-7.0,5,uep025,1,3,1.20321709988,-7.0,0,2,2,2,0,1,1,1,0,0,0,0,,,,,Tue Aug  7 19:08:18 2018,134.755770922,135.689969063,135.690423965,0.905941009521,6.08562119236,-0.0419620359286,136.922872066,136.923340082,137.923622131,137.923890114,Tue Aug  7 19:08:27 2018,143.972706079,-11.0,1,0,0.905941009521,001,uep025_1,60.0190318375,uncertaintyExperiment,Tue Aug  7 19:06:03 2018,2018_Aug_07_1847,scan,Tue Aug  7 18:47:02 2018,
csv/uep025_run3.csv,csv/uep025_run3_block2.csv,2,0,0,143.978709365,2,4,5.50883338224,-11.0,-11.0,2,SS,155.490431418,-7.0,5,uep025,1,3,3.00288867086,-7.0,0,2,2,2,0,1,1,1,0,1,1,1,,,,,Tue Aug  7 19:08:27 2018,143.977596998,144.620755911,144.621103048,0.600399017334,6.86688268065,-0.0415516842572,147.653223991,147.653590918,148.653791904,148.653970003,Tue Aug  7 19:08:38 2018,155.469553947,-7.0,2,0,0.600399017334,001,uep025_1,60.0190318375,uncertaintyExperiment,Tue Aug  7 19:06:03 2018,2018_Aug_07_1847,scan,Tue Aug  7 18:47:02 2018,
csv/uep025_run3.csv,csv/uep025_run3_block2.csv,2,0,0,155.490431418,2,4,6.50353404088,-11.0,-11.0,3,SS,166.920044066,-7.0,5,uep025,1,3,1.92607860653,-7.0,0,2,2,2,0,1,1,1,0,2,2,2,,,,,Tue Aug  7 19:08:38 2018,155.473202944,156.317703009,156.318048954,0.805438041687,7.67636044038,-0.0217355588132,158.266983986,158.267370939,159.267570972,159.267750025,Tue Aug  7 19:08:50 2018,166.916117907,-7.0,2,0,0.805438041687,001,uep025_1,60.0190318375,uncertaintyExperiment,Tue Aug  7 19:06:03 2018,2018_Aug_07_1847,scan,Tue Aug  7 18:47:02 2018,
csv/uep025_run3.csv,csv/uep025_run3_block2.csv,2,0,0,166.920044066,2,4,5.39293044662,-11.0,-11.0,4,SS,177.36865853,-7.0,5,uep025,1,3,2.05568401799,-7.0,0,2,2,2,0,1,1,1,0,3,3,3,,,,,Tue Aug  7 19:08:50 2018,166.919744968,167.847033978,167.847464085,0.887266874313,6.46603757099,-0.0396260013137,169.930247068,169.930650949,170.930851936,170.931044102,Tue Aug  7 19:09:00 2018,177.346463919,-7.0,2,0,0.887266874313,001,uep025_1,60.0190318375,uncertaintyExperiment,Tue Aug  7 19:06:03 2018,2018_Aug_07_1847,scan,Tue Aug  7 18:47:02 2018,
csv/uep025_run3.csv,csv/uep025_run3_block2.csv,2,0,0,177.36865853,2,4,6.43769391541,-11.0,-11.0,5,SS,188.007144618,-7.0,5,uep025,1,3,1.20079217266,-7.0,0,2,2,2,0,1,1,1,0,4,4,4,,,,,Tue Aug  7 19:09:00 2018,177.350080967,178.228002071,178.228347063,0.820984125137,7.57845050996,-0.0382592803115,179.460762024,179.461127043,180.461326122,180.461504936,Tue Aug  7 19:09:11 2018,187.976619005,-7.0,2,0,0.820984125137,001,uep025_1,60.0190318375,uncertaintyExperiment,Tue Aug  7 19:06:03 2018,2018_Aug_07_1847,scan,Tue Aug  7 18:47:02 2018,
csv/uep025_run3.csv,csv/uep025_run3_block2.csv,2,0,0,188.007144618,2,4,5.07453870545,-11.0,-11.0,6,SS,197.613974845,-7.0,5,uep025,1,3,1.53229152141,-7.0,0,2,2,2,0,1,1,1,0,5,5,5,,,,,Tue Aug  7 19:09:11 2018,187.980225086,188.691523075,188.691869974,0.670574188232,6.39025633124,-0.0137081859779,190.257720947,190.258088112,191.258287907,191.258466959,Tue Aug  7 19:09:20 2018,197.606867075,-7.0,2,0,0.670574188232,001,uep025_1,60.0190318375,uncertaintyExperiment,Tue Aug  7 19:06:03 2018,2018_Aug_07_1847,scan,Tue Aug  7 18:47:02 2018,
csv/uep025_run3.csv,csv/uep025_run3_block2.csv,2,0,0,197.613974845,2,4,5.96520239292,-11.0,-11.0,7,SS,209.299041463,-7.0,5,uep025,1,3,2.71986422516,-7.0,0,2,2,2,0,1,1,1,0,6,6,6,,,,,Tue Aug  7 19:09:20 2018,197.610727072,198.605598927,198.605946064,0.937513828278,6.97367510939,-0.0540134552519,201.3548069,201.355173111,202.355371952,202.355551004,Tue Aug  7 19:09:32 2018,209.270739079,-7.0,2,0,0.937513828278,001,uep025_1,60.0190318375,uncertaintyExperiment,Tue Aug  7 19:06:03 2018,2018_Aug_07_1847,scan,Tue Aug  7 18:47:02 2018,
csv/uep025_run3.csv,csv/uep025_run3_block2.csv,2,0,0,209.299041463,2,4,5.21720529568,-11.0,-11.0,8,SS,218.994360317,-7.0,5,uep025,1,3,1.47811355775,-7.0,0,2,2,2,0,1,1,1,0,7,7,7,,,,,Tue Aug  7 19:09:32 2018,209.274559975,210.285517931,210.285865068,0.970772981644,6.23082562579,-0.0156066882452,211.784946918,211.785327911,212.785525084,212.78570199,Tue Aug  7 19:09:42 2018,218.9845469,-7.0,2,0,0.970772981644,001,uep025_1,60.0190318375,uncertaintyExperiment,Tue Aug  7 19:06:03 2018,2018_Aug_07_1847,scan,Tue Aug  7 18:47:02 2018,
csv/uep025_run3.csv,csv/uep025_run3_block2.csv,2,0,0,218.994360317,2,4,6.73721612884,-11.0,-11.0,9,SS,230.950984437,-7.0,5,uep025,1,3,2.21940799198,-7.0,0,2,2,2,0,1,1,1,0,8,8,8,,,,,Tue Aug  7 19:09:42 2018,218.988168001,219.965667963,219.966017008,0.937566995621,7.76600432667,-0.0336448065516,222.215347052,222.215714931,223.21591711,223.216095924,Tue Aug  7 19:09:54 2018,230.930989981,-7.0,2,0,0.937566995621,001,uep025_1,60.0190318375,uncertaintyExperiment,Tue Aug  7 19:06:03 2018,2018_Aug_07_1847,scan,Tue Aug  7 18:47:02 2018,
csv/uep025_run3.csv,csv/uep025_run3_block2.csv,2,0,0,230.950984437,2,4,6.85557281872,-11.0,-11.0,10,SS,243.412371732,-7.0,5,uep025,1,3,2.60581447606,-7.0,0,2,2,2,0,1,1,1,0,9,9,9,,,,,Tue Aug  7 19:09:54 2018,230.935218096,231.646009922,231.646357059,0.672032117844,8.16064532414,-0.0228953767413,234.278382063,234.278748035,235.278949022,235.279127121,Tue Aug  7 19:10:06 2018,243.411118031,-7.0,2,0,0.672032117844,001,uep025_1,60.0190318375,uncertaintyExperiment,Tue Aug  7 19:06:03 2018,2018_Aug_07_1847,scan,Tue Aug  7 18:47:02 2018,
csv/uep025_run3.csv,csv/uep025_run3_block2.csv,,,,,,,,,,,,,,,,,,,,0,2,2,2,0,1,1,1,,,,,,,,,,,,,,,,,,,,,,,,,,001,uep025_1,60.0190318375,uncertaintyExperiment,Tue Aug  7 19:06:03 2018,2018_Aug_07_1847,scan,Tue Aug  7 18:47:02 2018,
csv/uep025_run3.csv,csv/uep025_run3_block3.csv,3,4.0,0,249.412371732,2,3,5.14338000244,14.0,22.0,1,RS,260.391473107,7.0,1,uep025,1,3,2.83572137247,7.0,0,2,2,2,0,2,2,2,0,0,0,0,,,,,Tue Aug  7 19:10:12 2018,249.43731308,250.622874975,250.623335123,1.13727712631,5.9329816636,-0.0731212125299,253.488574028,253.489083052,254.489390135,254.489757061,Tue Aug  7 19:10:23 2018,260.372318029,22.0,1,0,1.13727712631,001,uep025_1,60.0190318375,uncertaintyExperiment,Tue Aug  7 19:06:03 2018,2018_Aug_07_1847,scan,Tue Aug  7 18:47:02 2018,
csv/uep025_run3.csv,csv/uep025_run3_block3.csv,3,4.0,0,260.391473107,2,3,5.98593224061,14.0,20.0,2,RS,271.900812909,7.0,1,uep025,1,3,2.52340756172,7.0,0,2,2,2,0,2,2,2,0,1,1,1,,,,,Tue Aug  7 19:10:23 2018,260.377162933,261.170963049,261.171319962,0.754184007645,7.20653933513,-0.0252088978297,263.720659971,263.721067905,264.721271038,264.721451998,Tue Aug  7 19:10:35 2018,271.88510108,20.0,1,0,0.754184007645,001,uep025_1,60.0190318375,uncertaintyExperiment,Tue Aug  7 19:06:03 2018,2018_Aug_07_1847,scan,Tue Aug  7 18:47:02 2018,
csv/uep025_run3.csv,csv/uep025_run3_block3.csv,3,4.0,0,271.900812909,2,3,5.55809358386,14.0,15.0,3,RS,282.401948519,7.0,1,uep025,1,3,1.94304202605,7.0,0,2,2,2,0,2,2,2,0,2,2,2,,,,,Tue Aug  7 19:10:35 2018,271.888062,272.46774292,272.468105078,0.537472963333,6.9913013793,-0.0293192412229,274.434261084,274.43466711,275.434870958,275.43505311,Tue Aug  7 19:10:45 2018,282.382674932,7.0,2,0,0.537472963333,001,uep025_1,60.0190318375,uncertaintyExperiment,Tue Aug  7 19:06:03 2018,2018_Aug_07_1847,scan,Tue Aug  7 18:47:02 2018,
csv/uep025_run3.csv,csv/uep025_run3_block3.csv,3,4.0,0,282.401948519,2,3,5.07338189203,14.0,10.0,4,RS,291.975027034,7.0,1,uep025,1,3,1.49969662286,7.0,0,2,2,2,0,2,2,2,0,3,3,3,,,,,Tue Aug  7 19:10:45 2018,282.386173964,283.264472961,283.264822006,0.837507963181,6.2109544863,-0.024919442553,284.798150063,284.79857707,285.798779011,285.798959017,Tue Aug  7 19:10:55 2018,291.962626934,10.0,1,0,0.837507963181,001,uep025_1,60.0190318375,uncertaintyExperiment,Tue Aug  7 19:06:03 2018,2018_Aug_07_1847,scan,Tue Aug  7 18:47:02 2018,
csv/uep025_run3.csv,csv/uep025_run3_block3.csv,3,4.0,0,291.975027034,2,3,6.82232738131,14.0,14.0,5,RS,304.197401132,7.0,1,uep025,1,3,2.40004671638,7.0,0,2,2,2,0,2,2,2,0,4,4,4,,,,,Tue Aug  7 19:10:55 2018,291.966562986,292.761986971,292.76235199,0.754282951355,8.03546233522,-0.0325820947372,295.195029974,295.195441008,296.195643902,296.195822954,Tue Aug  7 19:11:07 2018,304.176381111,14.0,1,0,0.754282951355,001,uep025_1,60.0190318375,uncertaintyExperiment,Tue Aug  7 19:06:03 2018,2018_Aug_07_1847,scan,Tue Aug  7 18:47:02 2018,
csv/uep025_run3.csv,csv/uep025_run3_block3.csv,3,4.0,0,304.197401132,2,3,5.7140298796,14.0,13.0,6,RS,314.060299791,7.0,1,uep025,1,3,1.14886877994,7.0,0,2,2,2,0,2,2,2,0,5,5,5,,,,,Tue Aug  7 19:11:07 2018,304.179986,304.991647959,304.99199295,0.770789861679,6.91987889701,-0.0233611209074,306.174770117,306.175137997,307.175336123,307.175513029,Tue Aug  7 19:11:17 2018,314.040193081,13.0,1,0,0.770789861679,001,uep025_1,60.0190318375,uncertaintyExperiment,Tue Aug  7 19:06:03 2018,2018_Aug_07_1847,scan,Tue Aug  7 18:47:02 2018,
csv/uep025_run3.csv,csv/uep025_run3_block3.csv,3,4.0,0,314.060299791,2,3,5.97815640073,14.0,8.0,7,RS,325.382119996,7.0,1,uep025,1,3,2.34366380396,7.0,0,2,2,2,0,2,2,2,0,6,6,6,,,,,Tue Aug  7 19:11:17 2018,314.043926954,314.772371054,314.772717953,0.688906908035,7.26618122117,-0.0230682715292,317.138363123,317.138727903,318.138926983,318.139102936,Tue Aug  7 19:11:28 2018,325.371215105,7.0,2,0,0.688906908035,001,uep025_1,60.0190318375,uncertaintyExperiment,Tue Aug  7 19:06:03 2018,2018_Aug_07_1847,scan,Tue Aug  7 18:47:02 2018,
csv/uep025_run3.csv,csv/uep025_run3_block3.csv,3,4.0,0,325.382119996,2,3,5.44357927573,14.0,17.0,8,RS,335.891422998,7.0,1,uep025,1,3,2.06572372647,7.0,0,2,2,2,0,2,2,2,0,7,7,7,,,,,Tue Aug  7 19:11:28 2018,325.374874115,326.236045122,326.236391068,0.82076215744,6.5897502324,-0.0330668858872,328.335338116,328.33572793,329.33592701,329.336105108,Tue Aug  7 19:11:39 2018,335.868067026,17.0,1,0,0.82076215744,001,uep025_1,60.0190318375,uncertaintyExperiment,Tue Aug  7 19:06:03 2018,2018_Aug_07_1847,scan,Tue Aug  7 18:47:02 2018,
csv/uep025_run3.csv,csv/uep025_run3_block3.csv,3,4.0,0,335.891422998,2,3,6.10836446165,14.0,12.0,9,RS,347.284797122,7.0,1,uep025,1,3,2.28500966245,7.0,0,2,2,2,0,2,2,2,0,8,8,8,,,,,Tue Aug  7 19:11:39 2018,335.871660948,336.749460936,336.749809027,0.837710857391,7.25042236866,-0.0202312356001,339.065443993,339.065810919,340.066008091,340.066184998,Tue Aug  7 19:11:50 2018,347.264759064,12.0,1,0,0.837710857391,001,uep025_1,60.0190318375,uncertaintyExperiment,Tue Aug  7 19:06:03 2018,2018_Aug_07_1847,scan,Tue Aug  7 18:47:02 2018,
csv/uep025_run3.csv,csv/uep025_run3_block3.csv,3,4.0,0,347.284797122,2,3,6.10715534253,14.0,16.0,10,RS,358.410963272,7.0,1,uep025,1,3,2.01901080741,7.0,0,2,2,2,0,2,2,2,0,9,9,9,,,,,Tue Aug  7 19:11:50 2018,347.26838398,348.112879992,348.113227129,0.80400800705,7.27916736403,-0.0239799714554,350.162250042,350.162616968,351.162816048,351.1629951,Tue Aug  7 19:12:01 2018,358.39500308,16.0,1,0,0.80400800705,001,uep025_1,60.0190318375,uncertaintyExperiment,Tue Aug  7 19:06:03 2018,2018_Aug_07_1847,scan,Tue Aug  7 18:47:02 2018,
csv/uep025_run3.csv,csv/uep025_run3_block3.csv,,,,,,,,,,,,,,,,,,,,0,2,2,2,0,2,2,2,,,,,,,,,,,,,,,,,,,,,,,,,,001,uep025_1,60.0190318375,uncertaintyExperiment,Tue Aug  7 19:06:03 2018,2018_Aug_07_1847,scan,Tue Aug  7 18:47:02 2018,
csv/uep025_run3.csv,csv/uep025_run3_block4.csv,4,4.0,4.0,364.410963272,2,0,5.3934357584,-4.0,-6.0,1,RR,375.16519761,1.0,2,uep025,1,3,2.3607985792,1.0,0,2,2,2,0,3,3,3,0,0,0,0,,,,,Tue Aug  7 19:12:07 2018,364.415535927,365.408164978,365.408617973,0.955660820007,6.39632989701,-0.0414450413779,367.791305065,367.791817904,368.792104959,368.792372942,Tue Aug  7 19:12:18 2018,375.156368971,1.0,2,0,0.955660820007,001,uep025_1,60.0190318375,uncertaintyExperiment,Tue Aug  7 19:06:03 2018,2018_Aug_07_1847,scan,Tue Aug  7 18:47:02 2018,
csv/uep025_run3.csv,csv/uep025_run3_block4.csv,4,4.0,4.0,375.16519761,2,0,6.81192885517,-4.0,-5.0,2,RR,386.82246409,1.0,2,uep025,1,3,1.84533762464,9.0,0,2,2,2,0,3,3,3,0,1,1,1,,,,,Tue Aug  7 19:12:18 2018,375.161272049,376.221566916,376.221916914,1.0211379528,7.75565634757,-0.0351345547951,378.088184118,378.088597059,379.088799953,379.088979959,Tue Aug  7 19:12:30 2018,386.801017046,-5.0,1,0,1.0211379528,001,uep025_1,60.0190318375,uncertaintyExperiment,Tue Aug  7 19:06:03 2018,2018_Aug_07_1847,scan,Tue Aug  7 18:47:02 2018,
csv/uep025_run3.csv,csv/uep025_run3_block4.csv,4,4.0,4.0,386.82246409,2,0,6.17509740617,-4.0,-3.0,3,RR,397.379961691,1.0,2,uep025,1,3,1.38240019518,2.0,0,2,2,2,0,3,3,3,0,2,2,2,,,,,Tue Aug  7 19:12:30 2018,386.803770065,387.501740932,387.50208807,0.654106140137,7.49591736142,-0.0250739046096,388.918375015,388.918787003,389.918990135,389.919171095,Tue Aug  7 19:12:40 2018,397.364886045,2.0,2,0,0.654106140137,001,uep025_1,60.0190318375,uncertaintyExperiment,Tue Aug  7 19:06:03 2018,2018_Aug_07_1847,scan,Tue Aug  7 18:47:02 2018,
csv/uep025_run3.csv,csv/uep025_run3_block4.csv,4,4.0,4.0,397.379961691,2,0,6.55219501702,-4.0,-3.0,4,RR,408.333569164,1.0,2,uep025,1,3,1.40141245559,-4.0,0,2,2,2,0,3,3,3,0,3,3,3,,,,,Tue Aug  7 19:12:40 2018,397.368515015,398.132017136,398.132364035,0.720729112625,7.80023660888,-0.0312292955159,399.565383911,399.565788984,400.565992117,400.566173077,Tue Aug  7 19:12:51 2018,408.313679934,-4.0,2,0,0.720729112625,001,uep025_1,60.0190318375,uncertaintyExperiment,Tue Aug  7 19:06:03 2018,2018_Aug_07_1847,scan,Tue Aug  7 18:47:02 2018,
csv/uep025_run3.csv,csv/uep025_run3_block4.csv,4,4.0,4.0,408.333569164,2,0,5.16870024227,-4.0,-4.0,5,RR,419.368312163,1.0,2,uep025,1,3,2.86604275716,6.0,0,2,2,2,0,3,3,3,0,4,4,4,,,,,Tue Aug  7 19:12:51 2018,408.319365978,408.979188919,408.979536057,0.61918592453,6.52317728487,-0.0263370328724,411.878273964,411.878650904,412.878848076,412.879048109,Tue Aug  7 19:13:02 2018,419.343868017,6.0,2,0,0.61918592453,001,uep025_1,60.0190318375,uncertaintyExperiment,Tue Aug  7 19:06:03 2018,2018_Aug_07_1847,scan,Tue Aug  7 18:47:02 2018,
csv/uep025_run3.csv,csv/uep025_run3_block4.csv,4,4.0,4.0,419.368312163,2,0,5.23268998984,-4.0,5.0,6,RR,429.510530323,1.0,2,uep025,1,3,1.90952816987,1.0,0,2,2,2,0,3,3,3,0,5,5,5,,,,,Tue Aug  7 19:13:02 2018,419.346564054,420.059157133,420.059505939,0.670808076859,6.54194110258,-0.0199408104032,421.991827965,421.992208958,422.992411137,422.992589951,Tue Aug  7 19:13:12 2018,429.508064985,1.0,2,0,0.670808076859,001,uep025_1,60.0190318375,uncertaintyExperiment,Tue Aug  7 19:06:03 2018,2018_Aug_07_1847,scan,Tue Aug  7 18:47:02 2018,
csv/uep025_run3.csv,csv/uep025_run3_block4.csv,4,4.0,4.0,429.510530323,2,0,7.01670032125,-4.0,-4.0,7,RR,441.748855988,1.0,2,uep025,1,3,2.22162534429,8.0,0,2,2,2,0,3,3,3,0,6,6,6,,,,,Tue Aug  7 19:13:12 2018,429.511702061,430.322681904,430.323044062,0.770651102066,8.2046426772,-0.0414065419838,432.57221508,432.572580099,433.57278204,433.572961092,Tue Aug  7 19:13:25 2018,441.721112967,8.0,2,0,0.770651102066,001,uep025_1,60.0190318375,uncertaintyExperiment,Tue Aug  7 19:06:03 2018,2018_Aug_07_1847,scan,Tue Aug  7 18:47:02 2018,
csv/uep025_run3.csv,csv/uep025_run3_block4.csv,4,4.0,4.0,441.748855988,2,0,5.46080813384,-4.0,-1.0,8,RR,451.853150872,1.0,2,uep025,1,3,1.64348674932,5.0,0,2,2,2,0,3,3,3,0,7,7,7,,,,,Tue Aug  7 19:13:25 2018,441.724725008,442.419457912,442.41980505,0.653865098953,6.79030205407,-0.0166409808188,444.08561492,444.085978031,445.086178064,445.086355925,Tue Aug  7 19:13:35 2018,451.850294113,5.0,2,0,0.653865098953,001,uep025_1,60.0190318375,uncertaintyExperiment,Tue Aug  7 19:06:03 2018,2018_Aug_07_1847,scan,Tue Aug  7 18:47:02 2018,
csv/uep025_run3.csv,csv/uep025_run3_block4.csv,4,4.0,4.0,451.853150872,2,0,5.55866200271,-4.0,-2.0,9,RR,462.132226831,1.0,2,uep025,1,3,1.72041395716,2.0,0,2,2,2,0,3,3,3,0,8,8,8,,,,,Tue Aug  7 19:13:35 2018,451.85394001,452.716609001,452.7169559,0.816920042038,6.69530090947,-0.0464410511978,454.465924978,454.466315985,455.466515064,455.466694117,Tue Aug  7 19:13:45 2018,462.115592957,2.0,2,0,0.816920042038,001,uep025_1,60.0190318375,uncertaintyExperiment,Tue Aug  7 19:06:03 2018,2018_Aug_07_1847,scan,Tue Aug  7 18:47:02 2018,
csv/uep025_run3.csv,csv/uep025_run3_block4.csv,4,4.0,4.0,462.132226831,2,0,6.14361268189,-4.0,-10.0,10,RR,474.0,1.0,2,uep025,1,3,2.72416048668,2.0,0,2,2,2,0,3,3,3,0,9,9,9,,,,,Tue Aug  7 19:13:45 2018,462.119282007,462.830125093,462.830476046,0.670739173889,7.44581550933,-0.0270579986615,465.579430103,465.579801083,466.580002069,466.580182076,Tue Aug  7 19:13:57 2018,473.995209932,2.0,2,0,0.670739173889,001,uep025_1,60.0190318375,uncertaintyExperiment,Tue Aug  7 19:06:03 2018,2018_Aug_07_1847,scan,Tue Aug  7 18:47:02 2018,
csv/uep025_run3.csv,csv/uep025_run3_block4.csv,,,,,,,,,,,,,,,,,,,,0,2,2,2,0,3,3,3,,,,,,,,,,,,,,,,,,,,,,,,,,001,uep025_1,60.0190318375,uncertaintyExperiment,Tue Aug  7 19:06:03 2018,2018_Aug_07_1847,scan,Tue Aug  7 18:47:02 2018,
csv/uep025_run3.csv,,,,,,,,,,,,,,,,,,,,,0,2,2,2,,,,,,,,,,,,,,,,,,,,,,,,,,,,,,001,uep025_1,60.0190318375,uncertaintyExperiment,Tue Aug  7 19:06:03 2018,2018_Aug_07_1847,scan,Tue Aug  7 18:47:02 2018,
csv/uep025_run4.csv,csv/uep025_run4_block1.csv,1,4.0,0,16.0,2,3,5.59530270624,13.0,15.0,1,RS,26.7360952662,7.0,7,uep025,1,4,2.14079255993,7.0,0,3,3,3,0,0,0,0,0,0,0,0,,,space,21.6323120594,Tue Aug  7 19:15:20 2018,17.0359270573,18.5574650764,18.5579209328,1.48826098442,5.03793371248,-1.06910800934,20.7239511013,20.7244620323,21.724750042,21.7250170708,Tue Aug  7 19:15:29 2018,26.722867012,15.0,1,0,1.48826098442,001,uep025_1,60.0190318375,uncertaintyExperiment,Tue Aug  7 19:15:03 2018,2018_Aug_07_1847,scan,Tue Aug  7 18:47:02 2018,
csv/uep025_run4.csv,csv/uep025_run4_block1.csv,1,4.0,0,26.7360952662,2,3,5.87166823762,13.0,12.0,2,RS,38.5099116815,7.0,7,uep025,1,4,2.90214817774,7.0,0,3,3,3,0,0,0,0,0,1,1,1,,,,,Tue Aug  7 19:15:29 2018,26.7306571007,27.4881789684,27.4885261059,0.703844070435,7.11968157172,-0.0481425954589,30.4211540222,30.4215619564,31.4217619896,31.4219410419,Tue Aug  7 19:15:41 2018,38.4695940018,7.0,2,0,0.703844070435,001,uep025_1,60.0190318375,uncertaintyExperiment,Tue Aug  7 19:15:03 2018,2018_Aug_07_1847,scan,Tue Aug  7 18:47:02 2018,
csv/uep025_run4.csv,csv/uep025_run4_block1.csv,1,4.0,0,38.5099116815,2,3,5.38461738377,13.0,6.0,3,RS,48.0999840779,7.0,7,uep025,1,4,1.20545501259,7.0,0,3,3,3,0,0,0,0,0,2,2,2,,,,,Tue Aug  7 19:15:41 2018,38.473304987,39.3683431149,39.3686909676,0.85466504097,6.52629013936,-0.00366220343609,40.6016900539,40.6021130085,41.6023161411,41.6024971008,Tue Aug  7 19:15:51 2018,48.0833160877,6.0,1,0,0.85466504097,001,uep025_1,60.0190318375,uncertaintyExperiment,Tue Aug  7 19:15:03 2018,2018_Aug_07_1847,scan,Tue Aug  7 18:47:02 2018,
csv/uep025_run4.csv,csv/uep025_run4_block1.csv,1,4.0,0,48.0999840779,2,3,5.67964019396,13.0,15.0,4,RS,58.4256981027,7.0,7,uep025,1,4,1.64607383082,7.0,0,3,3,3,0,0,0,0,0,3,3,3,,,,,Tue Aug  7 19:15:51 2018,48.0870161057,48.8971350193,48.897480011,0.770869016647,6.88258414315,-0.0261870341694,50.5649759769,50.5653820038,51.5655860901,51.5657651424,Tue Aug  7 19:16:01 2018,58.4136829376,15.0,1,0,0.770869016647,001,uep025_1,60.0190318375,uncertaintyExperiment,Tue Aug  7 19:15:03 2018,2018_Aug_07_1847,scan,Tue Aug  7 18:47:02 2018,
csv/uep025_run4.csv,csv/uep025_run4_block1.csv,1,4.0,0,58.4256981027,2,3,5.53648211416,13.0,9.0,5,RS,68.2678429828,7.0,7,uep025,1,4,1.30566276597,7.0,0,3,3,3,0,0,0,0,0,4,4,4,,,,,Tue Aug  7 19:16:01 2018,58.4196100235,59.3790049553,59.379349947,0.920773983002,6.58327110581,-0.0324370253482,60.7125160694,60.7129249573,61.7131290436,61.7133080959,Tue Aug  7 19:16:11 2018,68.2609210014,9.0,1,0,0.920773983002,001,uep025_1,60.0190318375,uncertaintyExperiment,Tue Aug  7 19:15:03 2018,2018_Aug_07_1847,scan,Tue Aug  7 18:47:02 2018,
csv/uep025_run4.csv,csv/uep025_run4_block1.csv,1,4.0,0,68.2678429828,2,3,6.06775424314,13.0,13.0,6,RS,79.3975437148,7.0,7,uep025,1,4,2.06194648887,7.0,0,3,3,3,0,0,0,0,0,5,5,5,,,,,Tue Aug  7 19:16:11 2018,68.2645690441,69.0593810081,69.0597250462,0.750243902206,7.27631110839,-0.0411992325433,71.1429009438,71.14331007,72.1435101032,72.1436879635,Tue Aug  7 19:16:22 2018,79.3912789822,13.0,1,0,0.750243902206,001,uep025_1,60.0190318375,uncertaintyExperiment,Tue Aug  7 19:15:03 2018,2018_Aug_07_1847,scan,Tue Aug  7 18:47:02 2018,
csv/uep025_run4.csv,csv/uep025_run4_block1.csv,1,4.0,0,79.3975437148,2,3,6.60473134975,13.0,7.0,7,RS,91.5362290981,7.0,7,uep025,1,4,2.53395403351,7.0,0,3,3,3,0,0,0,0,0,6,6,6,,,,,Tue Aug  7 19:16:22 2018,79.3959209919,80.1400709152,80.1404130459,0.704514026642,7.86229903994,-0.0379182831737,82.7063729763,82.7067909241,83.7069921494,83.7071709633,Tue Aug  7 19:16:34 2018,91.5209679604,7.0,1,0,0.704514026642,001,uep025_1,60.0190318375,uncertaintyExperiment,Tue Aug  7 19:15:03 2018,2018_Aug_07_1847,scan,Tue Aug  7 18:47:02 2018,
csv/uep025_run4.csv,csv/uep025_run4_block1.csv,1,4.0,0,91.5362290981,2,3,5.05405666565,13.0,17.0,8,RS,100.696047666,7.0,7,uep025,1,4,1.10576190241,7.0,0,3,3,3,0,0,0,0,0,7,7,7,,,,,Tue Aug  7 19:16:34 2018,91.524616003,92.1855471134,92.1857690811,0.618402957916,6.40481184481,-0.0308418629248,93.3178081512,93.3181741238,94.3183701038,94.3185479641,Tue Aug  7 19:16:43 2018,100.666576147,17.0,1,0,0.618402957916,001,uep025_1,60.0190318375,uncertaintyExperiment,Tue Aug  7 19:15:03 2018,2018_Aug_07_1847,scan,Tue Aug  7 18:47:02 2018,
csv/uep025_run4.csv,csv/uep025_run4_block1.csv,1,4.0,0,100.696047666,2,3,6.59862409672,13.0,17.0,9,RS,112.572485012,7.0,7,uep025,1,4,2.27781324916,7.0,0,3,3,3,0,0,0,0,0,8,8,8,,,,,Tue Aug  7 19:16:43 2018,100.671822071,101.500420094,101.500761986,0.787482976913,7.79434679833,-0.016794321477,103.800307989,103.800713062,104.80091095,104.801088095,Tue Aug  7 19:16:55 2018,112.56498003,17.0,1,0,0.787482976913,001,uep025_1,60.0190318375,uncertaintyExperiment,Tue Aug  7 19:15:03 2018,2018_Aug_07_1847,scan,Tue Aug  7 18:47:02 2018,
csv/uep025_run4.csv,csv/uep025_run4_block1.csv,1,4.0,0,112.572485012,2,3,6.54929375978,13.0,9.0,10,RS,124.716861199,7.0,7,uep025,1,4,2.59508242674,7.0,0,3,3,3,0,0,0,0,0,9,9,9,,,,,Tue Aug  7 19:16:55 2018,112.568603039,113.397169113,113.397511959,0.786134958267,7.72470669499,-0.0384521065224,116.013497114,116.013906956,117.014107943,117.014287949,Tue Aug  7 19:17:07 2018,124.711215973,9.0,1,0,0.786134958267,001,uep025_1,60.0190318375,uncertaintyExperiment,Tue Aug  7 19:15:03 2018,2018_Aug_07_1847,scan,Tue Aug  7 18:47:02 2018,
csv/uep025_run4.csv,csv/uep025_run4_block1.csv,,,,,,,,,,,,,,,,,,,,0,3,3,3,0,0,0,0,,,,,,,,,,,,,,,,,,,,,,,,,,001,uep025_1,60.0190318375,uncertaintyExperiment,Tue Aug  7 19:15:03 2018,2018_Aug_07_1847,scan,Tue Aug  7 18:47:02 2018,
csv/uep025_run4.csv,csv/uep025_run4_block2.csv,2,0,4.0,130.716861199,2,1,7.03342628513,16.0,16.0,1,SR,141.932808875,3.0,0,uep025,1,4,1.18252139141,1.0,0,3,3,3,0,1,1,1,0,0,0,0,,,,,Tue Aug  7 19:17:13 2018,130.732121944,131.925038099,131.925492048,1.15582418442,7.82534546705,-0.0522566336542,133.141210079,133.141694069,134.141978979,134.142245054,Tue Aug  7 19:17:25 2018,141.924090147,16.0,1,0,1.15582418442,001,uep025_1,60.0190318375,uncertaintyExperiment,Tue Aug  7 19:15:03 2018,2018_Aug_07_1847,scan,Tue Aug  7 18:47:02 2018,
csv/uep025_run4.csv,csv/uep025_run4_block2.csv,2,0,4.0,141.932808875,2,1,6.28329481289,16.0,16.0,2,SR,153.621820078,3.0,0,uep025,1,4,2.40571638957,4.0,0,3,3,3,0,1,1,1,0,1,1,1,,,,,Tue Aug  7 19:17:25 2018,141.929145098,142.805428028,142.805773973,0.837399959564,7.41077174253,-0.0351231107925,145.238002062,145.238369942,146.238570929,146.238752127,Tue Aug  7 19:17:36 2018,153.620698929,4.0,2,0,0.837399959564,001,uep025_1,60.0190318375,uncertaintyExperiment,Tue Aug  7 19:15:03 2018,2018_Aug_07_1847,scan,Tue Aug  7 18:47:02 2018,
csv/uep025_run4.csv,csv/uep025_run4_block2.csv,2,0,4.0,153.621820078,2,1,6.22933248188,16.0,16.0,3,SR,165.054987322,3.0,0,uep025,1,4,2.20383476248,4.0,0,3,3,3,0,1,1,1,0,2,2,2,,,,,Tue Aug  7 19:17:36 2018,153.62667799,154.318822145,154.319168091,0.653954029083,7.53242649663,-0.0429519561704,156.551348925,156.551717997,157.551916122,157.552093029,Tue Aug  7 19:17:48 2018,165.034235954,4.0,2,0,0.653954029083,001,uep025_1,60.0190318375,uncertaintyExperiment,Tue Aug  7 19:15:03 2018,2018_Aug_07_1847,scan,Tue Aug  7 18:47:02 2018,
csv/uep025_run4.csv,csv/uep025_run4_block2.csv,2,0,4.0,165.054987322,2,1,6.82404071439,16.0,16.0,4,SR,177.477450963,3.0,0,uep025,1,4,2.5984229268,6.0,0,3,3,3,0,1,1,1,0,3,3,3,,,,,Tue Aug  7 19:17:48 2018,165.037958145,165.565751076,165.566102982,0.487908840179,8.31338210312,-0.0227497710851,168.198188066,168.198574066,169.198776007,169.198955059,Tue Aug  7 19:18:00 2018,177.463819981,16.0,1,0,0.487908840179,001,uep025_1,60.0190318375,uncertaintyExperiment,Tue Aug  7 19:15:03 2018,2018_Aug_07_1847,scan,Tue Aug  7 18:47:02 2018,
csv/uep025_run4.csv,csv/uep025_run4_block2.csv,2,0,4.0,177.477450963,2,1,5.19638638709,16.0,16.0,5,SR,186.969656924,3.0,0,uep025,1,4,1.2958195739,8.0,0,3,3,3,0,1,1,1,0,4,4,4,,,,,Tue Aug  7 19:18:00 2018,177.467548132,178.162024975,178.162369967,0.654113769531,6.51190821961,-0.0303643979452,179.478296041,179.478681087,180.478882074,180.47906208,Tue Aug  7 19:18:10 2018,186.961000919,16.0,1,0,0.654113769531,001,uep025_1,60.0190318375,uncertaintyExperiment,Tue Aug  7 19:15:03 2018,2018_Aug_07_1847,scan,Tue Aug  7 18:47:02 2018,
csv/uep025_run4.csv,csv/uep025_run4_block2.csv,2,0,4.0,186.969656924,2,1,5.30817449919,16.0,16.0,6,SR,197.689448332,3.0,0,uep025,1,4,2.41161690871,-1.0,0,3,3,3,0,1,1,1,0,5,5,5,,,,,Tue Aug  7 19:18:10 2018,186.964858055,187.608412981,187.608678102,0.606067180634,6.66950141188,-0.0326059066727,190.041924953,190.042289972,191.042490005,191.042668104,Tue Aug  7 19:18:20 2018,197.674786091,16.0,1,0,0.606067180634,001,uep025_1,60.0190318375,uncertaintyExperiment,Tue Aug  7 19:15:03 2018,2018_Aug_07_1847,scan,Tue Aug  7 18:47:02 2018,
csv/uep025_run4.csv,csv/uep025_run4_block2.csv,2,0,4.0,197.689448332,2,1,6.10627885286,16.0,16.0,7,SR,208.143232702,3.0,0,uep025,1,4,1.34750551718,3.0,0,3,3,3,0,1,1,1,0,6,6,6,,,,,Tue Aug  7 19:18:20 2018,197.678492069,198.372868061,198.373212099,0.654075860977,7.42295425277,-0.029248739117,199.739221096,199.739588022,200.739787102,200.739964962,Tue Aug  7 19:18:31 2018,208.122086048,16.0,1,0,0.654075860977,001,uep025_1,60.0190318375,uncertaintyExperiment,Tue Aug  7 19:15:03 2018,2018_Aug_07_1847,scan,Tue Aug  7 18:47:02 2018,
csv/uep025_run4.csv,csv/uep025_run4_block2.csv,2,0,4.0,208.143232702,2,1,6.25373832124,16.0,16.0,8,SR,219.75682952,3.0,0,uep025,1,4,2.35985849632,6.0,0,3,3,3,0,1,1,1,0,7,7,7,,,,,Tue Aug  7 19:18:31 2018,208.125529051,209.036725998,209.037100077,0.870124101639,7.36034897582,-0.023265243782,211.419274092,211.419646025,212.419844151,212.420020103,Tue Aug  7 19:18:42 2018,219.751904011,16.0,1,0,0.870124101639,001,uep025_1,60.0190318375,uncertaintyExperiment,Tue Aug  7 19:15:03 2018,2018_Aug_07_1847,scan,Tue Aug  7 18:47:02 2018,
csv/uep025_run4.csv,csv/uep025_run4_block2.csv,2,0,4.0,219.75682952,2,1,6.90675264145,16.0,16.0,9,SR,231.184420347,3.0,0,uep025,1,4,1.52083818632,-0.0,0,3,3,3,0,1,1,1,0,8,8,8,,,,,Tue Aug  7 19:18:42 2018,219.755871058,220.450026989,220.450371981,0.653959989548,8.21365316206,-0.0391394898423,221.99911499,221.999539137,222.999938011,223.000169992,Tue Aug  7 19:18:54 2018,231.165311098,16.0,1,0,0.653959989548,001,uep025_1,60.0190318375,uncertaintyExperiment,Tue Aug  7 19:15:03 2018,2018_Aug_07_1847,scan,Tue Aug  7 18:47:02 2018,
csv/uep025_run4.csv,csv/uep025_run4_block2.csv,2,0,4.0,231.184420347,2,1,5.99117860043,16.0,16.0,10,SR,241.775023398,3.0,0,uep025,1,4,1.59942444999,8.0,0,3,3,3,0,1,1,1,0,9,9,9,,,,,Tue Aug  7 19:18:54 2018,231.168992043,231.863398075,231.863748074,0.654137134552,7.31229600167,-0.0247454642129,233.496278048,233.49664402,234.496844053,234.497022152,Tue Aug  7 19:19:04 2018,241.762269974,16.0,1,0,0.654137134552,001,uep025_1,60.0190318375,uncertaintyExperiment,Tue Aug  7 19:15:03 2018,2018_Aug_07_1847,scan,Tue Aug  7 18:47:02 2018,
csv/uep025_run4.csv,csv/uep025_run4_block2.csv,,,,,,,,,,,,,,,,,,,,0,3,3,3,0,1,1,1,,,,,,,,,,,,,,,,,,,,,,,,,,001,uep025_1,60.0190318375,uncertaintyExperiment,Tue Aug  7 19:15:03 2018,2018_Aug_07_1847,scan,Tue Aug  7 18:47:02 2018,
csv/uep025_run4.csv,csv/uep025_run4_block3.csv,3,4.0,4.0,247.775023398,2,4,6.40704805898,-3.0,-12.0,1,RR,259.448736722,-15.0,2,uep025,1,4,2.2666652653,-14.0,0,3,3,3,0,2,2,2,0,0,0,0,,,,,Tue Aug  7 19:19:11 2018,247.782412052,248.742255926,248.742708921,0.92195892334,7.43991232854,-0.0451768071034,251.041880131,251.042407036,252.042699099,252.042966127,Tue Aug  7 19:19:22 2018,259.440051079,-12.0,1,0,0.92195892334,001,uep025_1,60.0190318375,uncertaintyExperiment,Tue Aug  7 19:15:03 2018,2018_Aug_07_1847,scan,Tue Aug  7 18:47:02 2018,
csv/uep025_run4.csv,csv/uep025_run4_block3.csv,3,4.0,4.0,259.448736722,2,4,6.61370577525,-3.0,-1.0,2,RR,270.852538559,-15.0,2,uep025,1,4,1.7900960614,-14.0,0,3,3,3,0,2,2,2,0,1,1,1,,,,,Tue Aug  7 19:19:22 2018,259.446563005,260.072138071,260.072525978,0.585271835327,7.9904005089,-0.0380334310199,261.888647079,261.889058113,262.889264107,262.889441013,Tue Aug  7 19:19:34 2018,270.836287022,-14.0,2,0,0.585271835327,001,uep025_1,60.0190318375,uncertaintyExperiment,Tue Aug  7 19:15:03 2018,2018_Aug_07_1847,scan,Tue Aug  7 18:47:02 2018,
csv/uep025_run4.csv,csv/uep025_run4_block3.csv,3,4.0,4.0,270.852538559,2,4,6.99281487317,-3.0,1.0,3,RR,282.436107357,-15.0,2,uep025,1,4,1.59075392476,-14.0,0,3,3,3,0,2,2,2,0,2,2,2,,,,,Tue Aug  7 19:19:34 2018,270.839764118,271.418898106,271.419245005,0.533769130707,8.42655236258,-0.0324933798829,273.03501296,273.035480976,274.035807133,274.036025047,Tue Aug  7 19:19:45 2018,282.416679144,1.0,1,0,0.533769130707,001,uep025_1,60.0190318375,uncertaintyExperiment,Tue Aug  7 19:15:03 2018,2018_Aug_07_1847,scan,Tue Aug  7 18:47:02 2018,
csv/uep025_run4.csv,csv/uep025_run4_block3.csv,3,4.0,4.0,282.436107357,2,4,5.47805388298,-3.0,-1.0,4,RR,292.927482005,-15.0,2,uep025,1,4,2.01332076492,-9.0,0,3,3,3,0,2,2,2,0,3,3,3,,,,,Tue Aug  7 19:19:45 2018,282.420391083,283.215497971,283.215843916,0.753896951675,6.69876030537,-0.0253966259399,285.264944077,285.265311956,286.265515089,286.265691996,Tue Aug  7 19:19:56 2018,292.914526939,-1.0,1,0,0.753896951675,001,uep025_1,60.0190318375,uncertaintyExperiment,Tue Aug  7 19:15:03 2018,2018_Aug_07_1847,scan,Tue Aug  7 18:47:02 2018,
csv/uep025_run4.csv,csv/uep025_run4_block3.csv,3,4.0,4.0,292.927482005,2,4,6.79652596015,-3.0,-5.0,5,RR,303.737003283,-15.0,2,uep025,1,4,1.01299531859,-15.0,0,3,3,3,0,2,2,2,0,4,4,4,,,,,Tue Aug  7 19:19:56 2018,292.918239117,293.76257515,293.762943983,0.804040193558,7.96153700404,-0.0309487625488,294.795536995,294.795927048,295.796128035,295.796306133,Tue Aug  7 19:20:06 2018,303.728063107,-15.0,2,0,0.804040193558,001,uep025_1,60.0190318375,uncertaintyExperiment,Tue Aug  7 19:15:03 2018,2018_Aug_07_1847,scan,Tue Aug  7 18:47:02 2018,
csv/uep025_run4.csv,csv/uep025_run4_block3.csv,3,4.0,4.0,303.737003283,2,4,5.33587213721,-3.0,-5.0,6,RR,314.463046471,-15.0,2,uep025,1,4,2.39017105011,-14.0,0,3,3,3,0,2,2,2,0,5,5,5,,,,,Tue Aug  7 19:20:06 2018,303.732110023,304.49277997,304.493125916,0.720857858658,6.58019034088,-0.0348239376693,306.908762932,306.909129143,307.909327984,307.909503937,Tue Aug  7 19:20:17 2018,314.4582901,-5.0,1,0,0.720857858658,001,uep025_1,60.0190318375,uncertaintyExperiment,Tue Aug  7 19:15:03 2018,2018_Aug_07_1847,scan,Tue Aug  7 18:47:02 2018,
csv/uep025_run4.csv,csv/uep025_run4_block3.csv,3,4.0,4.0,314.463046471,2,4,6.04342386417,-3.0,-8.0,7,RR,325.371384171,-15.0,2,uep025,1,4,1.86491383608,-16.0,0,3,3,3,0,2,2,2,0,6,6,6,,,,,Tue Aug  7 19:20:17 2018,314.462067127,315.089756012,315.090096951,0.587963104248,7.41681135914,-0.0386494007818,316.989186049,316.989553928,317.989754915,317.989933968,Tue Aug  7 19:20:28 2018,325.354836941,-8.0,1,0,0.587963104248,001,uep025_1,60.0190318375,uncertaintyExperiment,Tue Aug  7 19:15:03 2018,2018_Aug_07_1847,scan,Tue Aug  7 18:47:02 2018,
csv/uep025_run4.csv,csv/uep025_run4_block3.csv,3,4.0,4.0,325.371384171,2,4,5.70215174316,-3.0,-0.0,8,RR,335.091211248,-15.0,2,uep025,1,4,1.01767533402,-15.0,0,3,3,3,0,2,2,2,0,7,7,7,,,,,Tue Aug  7 19:20:28 2018,325.358614922,325.986343145,325.986768007,0.587556838989,7.08730291798,-0.0272919861814,327.036359072,327.036726952,328.036926031,328.03710413,Tue Aug  7 19:20:38 2018,335.069425106,-0.0,1,0,0.587556838989,001,uep025_1,60.0190318375,uncertaintyExperiment,Tue Aug  7 19:15:03 2018,2018_Aug_07_1847,scan,Tue Aug  7 18:47:02 2018,
csv/uep025_run4.csv,csv/uep025_run4_block3.csv,3,4.0,4.0,335.091211248,2,4,5.56564363131,-3.0,-3.0,9,RR,345.192103034,-15.0,2,uep025,1,4,1.53524815428,-15.0,0,3,3,3,0,2,2,2,0,8,8,8,,,,,Tue Aug  7 19:20:38 2018,335.073607922,335.583908081,335.5842731,0.470973014832,7.07305194084,-0.0216186756371,337.150166988,337.150546074,338.150746107,338.150923967,Tue Aug  7 19:20:48 2018,345.16475606,-3.0,1,0,0.470973014832,001,uep025_1,60.0190318375,uncertaintyExperiment,Tue Aug  7 19:15:03 2018,2018_Aug_07_1847,scan,Tue Aug  7 18:47:02 2018,
csv/uep025_run4.csv,csv/uep025_run4_block3.csv,3,4.0,4.0,345.192103034,2,4,6.6734444421,-3.0,3.0,10,RR,357.181284697,-15.0,2,uep025,1,4,2.31573722104,-17.0,0,3,3,3,0,2,2,2,0,9,9,9,,,,,Tue Aug  7 19:20:48 2018,345.167215109,345.829965115,345.830301046,0.620810031891,8.03567653643,-0.016957873783,348.180316925,348.180686951,349.18088913,349.181069136,Tue Aug  7 19:21:00 2018,357.162657976,3.0,1,0,0.620810031891,001,uep025_1,60.0190318375,uncertaintyExperiment,Tue Aug  7 19:15:03 2018,2018_Aug_07_1847,scan,Tue Aug  7 18:47:02 2018,
csv/uep025_run4.csv,csv/uep025_run4_block3.csv,,,,,,,,,,,,,,,,,,,,0,3,3,3,0,2,2,2,,,,,,,,,,,,,,,,,,,,,,,,,,001,uep025_1,60.0190318375,uncertaintyExperiment,Tue Aug  7 19:15:03 2018,2018_Aug_07_1847,scan,Tue Aug  7 18:47:02 2018,
csv/uep025_run4.csv,csv/uep025_run4_block4.csv,4,0,0,363.181284697,2,5,6.72187222103,12.0,12.0,1,SS,374.826755325,-13.0,6,uep025,1,4,1.92359840772,-13.0,0,3,3,3,0,3,3,3,0,0,0,0,,,,,Tue Aug  7 19:21:06 2018,363.184423923,364.1758461,364.176299095,0.954985141754,7.72740594692,-0.0394811323607,366.125236034,366.12570405,367.125986099,367.126246929,Tue Aug  7 19:21:18 2018,374.824134111,-13.0,2,0,0.954985141754,001,uep025_1,60.0190318375,uncertaintyExperiment,Tue Aug  7 19:15:03 2018,2018_Aug_07_1847,scan,Tue Aug  7 18:47:02 2018,
csv/uep025_run4.csv,csv/uep025_run4_block4.csv,4,0,0,374.826755325,2,5,5.21391963268,12.0,12.0,2,SS,385.907331714,-13.0,6,uep025,1,4,2.86665675618,-13.0,0,3,3,3,0,3,3,3,0,1,1,1,,,,,Tue Aug  7 19:21:18 2018,374.829138041,375.489545107,375.489900112,0.62082695961,6.55123499387,-0.0418576792066,378.388242006,378.388673067,379.388880014,379.389068127,Tue Aug  7 19:21:29 2018,385.887306929,12.0,1,0,0.62082695961,001,uep025_1,60.0190318375,uncertaintyExperiment,Tue Aug  7 19:15:03 2018,2018_Aug_07_1847,scan,Tue Aug  7 18:47:02 2018,
csv/uep025_run4.csv,csv/uep025_run4_block4.csv,4,0,0,385.907331714,2,5,6.42636645342,12.0,12.0,3,SS,397.322831495,-13.0,6,uep025,1,4,1.98913332688,-13.0,0,3,3,3,0,3,3,3,0,2,2,2,,,,,Tue Aug  7 19:21:29 2018,385.89102602,386.652789116,386.653136969,0.721167087555,7.68100513455,-0.0241942313223,388.669377089,388.669779062,389.669981956,389.670165062,Tue Aug  7 19:21:40 2018,397.300712109,12.0,1,0,0.721167087555,001,uep025_1,60.0190318375,uncertaintyExperiment,Tue Aug  7 19:15:03 2018,2018_Aug_07_1847,scan,Tue Aug  7 18:47:02 2018,
csv/uep025_run4.csv,csv/uep025_run4_block4.csv,4,0,0,397.322831495,2,5,6.65050484027,12.0,12.0,4,SS,409.635915416,-13.0,6,uep025,1,4,2.66257908125,-13.0,0,3,3,3,0,3,3,3,0,3,3,3,,,,,Tue Aug  7 19:21:40 2018,397.30451107,398.066097975,398.066445112,0.720486879349,7.9073342044,-0.0226837565167,400.748682022,400.749083996,401.749289989,401.749469042,Tue Aug  7 19:21:52 2018,409.631242037,12.0,1,0,0.720486879349,001,uep025_1,60.0190318375,uncertaintyExperiment,Tue Aug  7 19:15:03 2018,2018_Aug_07_1847,scan,Tue Aug  7 18:47:02 2018,
csv/uep025_run4.csv,csv/uep025_run4_block4.csv,4,0,0,409.635915416,2,5,5.72224578437,12.0,12.0,5,SS,419.592158088,-13.0,6,uep025,1,4,1.23399688701,-13.0,0,3,3,3,0,3,3,3,0,4,4,4,,,,,Tue Aug  7 19:21:52 2018,409.634954929,410.52936697,410.529735088,0.853952884674,6.82889126682,-0.0394016328721,411.79570508,411.79609108,412.796292067,412.796468973,Tue Aug  7 19:22:02 2018,419.578588963,12.0,1,0,0.853952884674,001,uep025_1,60.0190318375,uncertaintyExperiment,Tue Aug  7 19:15:03 2018,2018_Aug_07_1847,scan,Tue Aug  7 18:47:02 2018,
csv/uep025_run4.csv,csv/uep025_run4_block4.csv,4,0,0,419.592158088,2,5,6.14313164001,12.0,12.0,6,SS,431.369925503,-13.0,6,uep025,1,4,2.63463577588,-13.0,0,3,3,3,0,3,3,3,0,5,5,5,,,,,Tue Aug  7 19:22:02 2018,419.582354069,420.343305111,420.34367013,0.720539808273,7.39208880553,-0.0305030262039,423.008939981,423.009320021,424.009624004,424.009866953,Tue Aug  7 19:22:14 2018,431.358377934,12.0,1,0,0.720539808273,001,uep025_1,60.0190318375,uncertaintyExperiment,Tue Aug  7 19:15:03 2018,2018_Aug_07_1847,scan,Tue Aug  7 18:47:02 2018,
csv/uep025_run4.csv,csv/uep025_run4_block4.csv,4,0,0,431.369925503,2,5,6.23301234908,12.0,12.0,7,SS,442.674112358,-13.0,6,uep025,1,4,2.07117450517,-13.0,0,3,3,3,0,3,3,3,0,6,6,6,,,,,Tue Aug  7 19:22:14 2018,431.362164974,432.056555986,432.056899071,0.654195070267,7.54647771037,-0.0323395684468,434.155859947,434.156227112,435.156427145,435.156605005,Tue Aug  7 19:22:25 2018,442.655175924,12.0,1,0,0.654195070267,001,uep025_1,60.0190318375,uncertaintyExperiment,Tue Aug  7 19:15:03 2018,2018_Aug_07_1847,scan,Tue Aug  7 18:47:02 2018,
csv/uep025_run4.csv,csv/uep025_run4_block4.csv,4,0,0,442.674112358,2,5,5.7947774429,12.0,12.0,8,SS,452.671297866,-13.0,6,uep025,1,4,1.20240806496,-13.0,0,3,3,3,0,3,3,3,0,7,7,7,,,,,Tue Aug  7 19:22:25 2018,442.658921003,443.253391027,443.253737926,0.554219007492,7.21559485582,-0.0249635795935,444.486320019,444.486685991,445.486885071,445.487061024,Tue Aug  7 19:22:35 2018,452.652396917,12.0,1,0,0.554219007492,001,uep025_1,60.0190318375,uncertaintyExperiment,Tue Aug  7 19:15:03 2018,2018_Aug_07_1847,scan,Tue Aug  7 18:47:02 2018,
csv/uep025_run4.csv,csv/uep025_run4_block4.csv,4,0,0,452.671297866,2,5,5.18712251223,12.0,12.0,9,SS,462.809288054,-13.0,6,uep025,1,4,1.95086767612,-13.0,0,3,3,3,0,3,3,3,0,8,8,8,,,,,Tue Aug  7 19:22:35 2018,452.656121016,453.383921146,453.384268999,0.687433004379,6.47459745983,-0.0250920480182,455.366549015,455.366914034,456.367111921,456.367289066,Tue Aug  7 19:22:46 2018,462.799548149,12.0,1,0,0.687433004379,001,uep025_1,60.0190318375,uncertaintyExperiment,Tue Aug  7 19:15:03 2018,2018_Aug_07_1847,scan,Tue Aug  7 18:47:02 2018,
csv/uep025_run4.csv,csv/uep025_run4_block4.csv,4,0,0,462.809288054,2,5,6.0381581518,12.0,12.0,10,SS,474.0,-13.0,6,uep025,1,4,2.15255379431,-13.0,0,3,3,3,0,3,3,3,0,9,9,9,,,,,Tue Aug  7 19:22:46 2018,462.803300142,463.647041082,463.647383928,0.804936170578,7.20050311334,-0.0327188678785,465.830295086,465.830663919,466.830862999,466.831042051,Tue Aug  7 19:22:57 2018,473.979602098,12.0,1,0,0.804936170578,001,uep025_1,60.0190318375,uncertaintyExperiment,Tue Aug  7 19:15:03 2018,2018_Aug_07_1847,scan,Tue Aug  7 18:47:02 2018,
csv/uep025_run4.csv,csv/uep025_run4_block4.csv,,,,,,,,,,,,,,,,,,,,0,3,3,3,0,3,3,3,,,,,,,,,,,,,,,,,,,,,,,,,,001,uep025_1,60.0190318375,uncertaintyExperiment,Tue Aug  7 19:15:03 2018,2018_Aug_07_1847,scan,Tue Aug  7 18:47:02 2018,
csv/uep025_run4.csv,,,,,,,,,,,,,,,,,,,,,0,3,3,3,,,,,,,,,,,,,,,,,,,,,,,,,,,,,,001,uep025_1,60.0190318375,uncertaintyExperiment,Tue Aug  7 19:15:03 2018,2018_Aug_07_1847,scan,Tue Aug  7 18:47:02 2018,
